CustomerNumber,CustomerName,StreetName,City,State,ZIP,Country,,,,,,,,,
1000383,RON'S ORIGINAL KETTL,3510 ELM RD,PASCO,WA,99301-8619,USA,,,,,,,,,
1000384,MEIANNA BAKERY,2850 SE 82ND AVE UNIT 27,PORTLAND,OR,97266-1599,USA,,,,,,,,,
1000385,ROSABELLA'S GARDEN B,8933 FARM TO MARKET RD,BOW,WA,98232-7100,USA,,,,,,,,,
1000386,SPECIALTY FOODS HOLD,7683 SE 27TH ST  103,MERCER ISLAND,WA,98040-2804,USA,,,,,,,,,
1000387,THE AUSTRALIAN PIE C,425 SW 152ND ST,BURIEN,WA,98166-2208,USA,,,,,,,,,
1000388,PLAZA GUERREROS MARK,816 72ND ST E,TACOMA,WA,98404-1700,USA,,,,,,,,,
1000391,BAKED AT HOME,13544 SE 161ST PL,RENTON,WA,98058-6919,USA,,,,,,,,,
1000394,LENY BAKERY,2225 S ALPINE ST,CORNELIUS,OR,97113-7331,USA,,,,,,,,,
1000396,BAGEL OASIS,2112 NE 65TH ST,SEATTLE,WA,98115-6936,USA,,,,,,,,,
1000398,OLD FASHIONED KETTLE,18721 E 8TH AVE,SPOKANE VALLEY,WA,99016-9745,USA,,,,,,,,,
1000399,COLLECTIONS HAPPY DO,2302 COMMERCIAL AVE,ANACORTES,WA,98221-2555,USA,,,,,,,,,
1000400,MEI SUM BAKERY,8001 SE POWELL BLVD,PORTLAND,OR,97206-2300,USA,,,,,,,,,
1000401,FINALES GOURMET DESS,2125 196TH ST SW UNIT 120,LYNNWOOD,WA,98036-7033,USA,,,,,,,,,
1000402,MOON'S SWEETS CLOSED,9205 SOUTH TACOMA WAY,LAKEWOOD,WA,98499-4464,USA,,,,,,,,,
1000404,STARLIGHT DESSERTS I,2001 W GARFIELD ST,SEATTLE,WA,98119-3119,USA,,,,,,,,,
1000405,COLLECTIONS EL BUEN,1333 W 7TH AVE,EUGENE,OR,97402-4541,USA,,,,,,,,,
1000406,SAYDA BAKERY,2900 SW CORNELIUS PASS RD,HILLSBORO,OR,97123-6742,USA,,,,,,,,,
1000407,VERACRUZ BAY BAKERY,3913 GIBBONS ST,VANCOUVER,WA,98661-5608,USA,,,,,,,,,
1000408,ARMENIA GASTRONOM,900 160TH AVE NE  5.6,BELLEVUE,WA,98008-3939,USA,,,,,,,,,
1000409,RUNNING WILD SPIRIT,4205 139TH PL SE,MILL CREEK,WA,98012-8952,USA,,,,,,,,,
1000413,LET THEM EAT CAKE,1711 ELDRIDGE AVE,BELLINGHAM,WA,98225-2804,USA,,,,,,,,,
1000416,DONUT DELITE,2234 FAIRGROUNDS RD NE,SALEM,OR,97301-0649,USA,,,,,,,,,
1000418,KING'S BAKERY,2346 SE 82ND AVE,PORTLAND,OR,97216-1414,USA,,,,,,,,,
1000419,COLLECTIONS COUNTRY,60 GATEWAY BLVD,COTTAGE GROVE,OR,97424-1739,USA,,,,,,,,,
1000421,BAKERY NOUVEAU,4737 CALIFORNIA AVE SW,SEATTLE,WA,98116-4412,USA,,,,,,,,,
1000423,MON HEI CHINESE BAKE,669 S KING ST,SEATTLE,WA,98104-2936,USA,,,,,,,,,
1000424,MINOO BAKERY,12518 LAKE CITY WAY NE,SEATTLE,WA,98125-4425,USA,,,,,,,,,
1000426,PASTELERIA Y PANADER,8909 14TH AVE S,SEATTLE,WA,98108-4818,USA,,,,,,,,,
1000429,KESS INDUSTRIES INC,130 37TH ST NE,AUBURN,WA,98002-1707,USA,,,,,,,,,
1000432,ROKIYAH MUSTAFA,13100 BEACON COAL MINE RD S TRLR 51,SEATTLE,WA,98178-4646,USA,,,,,,,,,
1000433,LIVING EARTH BAKERY,2214 PRIMROSE LOOP,PHILOMATH,OR,97370-9540,USA,,,,,,,,,
1000435,BLACKBIRD BAKERY,210 WINSLOW WAY E,BAINBRIDGE ISLAND,WA,98110-2430,USA,,,,,,,,,
1000436,STONE GROUND BAKERY,14632 MUD RUN RD SE,YELM,WA,98597-9774,USA,,,,,,,,,
1000438,AZTECA BAKERY,2138 LANCASTER DR NE,SALEM,OR,97305-1720,USA,,,,,,,,,
1000440,TREE TOP BAKING,3650 ORCAS DR,CLINTON,WA,98236-9213,USA,,,,,,,,,
1000444,SEATTLE BAGEL BAKERY,4445 S 134TH PL,TUKWILA,WA,98168-6204,USA,,,,,,,,,
1000445,MRS FIELDS COOKIES 5,4750 N DIVISION ST,SPOKANE,WA,99207-1411,USA,,,,,,,,,
1000447,BOULANGERIE BAKERY &,9701 SOUTH TACOMA WAY,LAKEWOOD,WA,98499-4490,USA,,,,,,,,,
1000448,RIKKI USA INC,14590 NE 95TH ST,REDMOND,WA,98052-2550,USA,,,,,,,,,
1000449,MRS FIELDS COOKIES 5,400 PINE ST,SEATTLE,WA,98101-1694,USA,,,,,,,,,
1000450,COLLECTIONS #1 DONUT,20710 BOTHELL EVERETT HWY,BOTHELL,WA,98012-7705,USA,,,,,,,,,
1000453,MRS FIELDS COOKIES 5,2013 NE KELSEY LN,ISSAQUAH,WA,98029-7664,USA,,,,,,,,,
1000454,BAYSIDE SWEETS & TRE,615 COMMERCIAL AVE,ANACORTES,WA,98221-1730,USA,,,,,,,,,
1000456,OAXACA BAKERY,239 NW 2ND AVE,CANBY,OR,97013-3623,USA,,,,,,,,,
1000457,MRS FIELDS COOKIES 5,2008 S COMMONS C-7,FEDERAL WAY,WA,98003-6040,USA,,,,,,,,,
1000459,TUSCAN BAKERY,12831 NE AIRPORT WAY,PORTLAND,OR,97230-1030,USA,,,,,,,,,
1000460,COLLECTIONS MIRANDA',1709 MOUNT HOOD AVE,WOODBURN,OR,97071-9072,USA,,,,,,,,,
1000461,BAKERY DEPOT INC,4489 BANDINI BLVD,VERNON,CA,90058-4309,USA,,,,,,,,,
1000463,NIELSEN'S PASTRIES,520 2ND AVE W,SEATTLE,WA,98119-3976,USA,,,,,,,,,
1000464,JS OLIVE BAKERY,8720 S TACOMA,LAKEWOOD,WA,98499-4545,USA,,,,,,,,,
1000466,CHEESECAKE CREATIONS,2100 FERRY TERMINAL RD,ANACORTES,WA,98221-4055,USA,,,,,,,,,
1000467,COLLECTIONS DONUT KI,19403 SW BOONES FERRY RD,TUALATIN,OR,97062-9085,USA,,,,,,,,,
1000470,BANKRUPTCY 11 PAT'S,3561 WHEATON WAY,BREMERTON,WA,98310-3530,USA,,,,,,,,,
1000471,ALBERTO'S CHURROS LL,405 HOWELL WAY,EDMONDS,WA,98020-4186,USA,,,,,,,,,
1000474,60TH STREET DESSERTS,7401 SAND POINT WAY NE,SEATTLE,WA,98115-6325,USA,,,,,,,,,
1000477,DANISH BAKERY - BURI,825 SW 152ND ST,BURIEN,WA,98166-1841,USA,,,,,,,,,
1000478,SKAGIT RIVER BAKERY,808 COMMERCIAL AVE,ANACORTES,WA,98221-4113,USA,,,,,,,,,
1000479,UKRAINE INTERNATIONA,5317 EVERGREEN WAY,EVERETT,WA,98203-3631,USA,,,,,,,,,
1000480,CAL'S DONUTS,2091 RIVER RD,EUGENE,OR,97404-2503,USA,,,,,,,,,
1000481,SANDY'S CAKES,450 RANDEL RD,SUNNYSIDE,WA,98944-9719,USA,,,,,,,,,
1000482,ARTISAN BAKING COMPA,20620 84TH AVE S,KENT,WA,98032,USA,,,,,,,,,
1000483,DONUT SEED CO,801 WARNER ST,SEDRO WOOLLEY,WA,98284-1738,USA,,,,,,,,,
1000484,SHIRLEY'S DONUTS,12305 SW BROADWAY ST,BEAVERTON,OR,97005-2141,USA,,,,,,,,,
1000485,SESAME DONUTS - SHER,22560 SW PINE ST APT A,SHERWOOD,OR,97140-9635,USA,,,,,,,,,
1000486,EL RANCHITO ALEGRE -,8349 SW TONKA ST,TUALATIN,OR,97062-9087,USA,,,,,,,,,
1000521,IMPERIAL LLC,11050 SE POWELL BLVD,PORTLAND,OR,97266-1863,USA,,,,,,,,,
1000522,HIS BAKERY LLC,6011 SE 72ND AVE,PORTLAND,OR,97206-6401,USA,,,,,,,,,
1000523,EUROPA FOOD,1568 FRUITLAND DR,BELLINGHAM,WA,98226-1201,USA,,,,,,,,,
1000524,CHAVITAS FOODS CLOSE,12070 SW ALLEN BLVD,BEAVERTON,OR,97005-4721,USA,,,,,,,,,
1000525,AMBER'S BAKERY,1221 CARNATION DR,SUNNYSIDE,WA,98944-2003,USA,,,,,,,,,
1000526,VALERIO'S TROPICAL B,18230 E VALLEY HWY,KENT,WA,98032-1231,USA,,,,,,,,,
1000527,BOULANGERIE BAKERY,2200 N 45TH ST,SEATTLE,WA,98103-6904,USA,,,,,,,,,
1000528,COLLECTIONS FRESH &,19983 STATE ROUTE 2,MONROE,WA,98272-2338,USA,,,,,,,,,
1000530,TYLER'S DONUT HOUSE,11108 EVERGREEN WAY,EVERETT,WA,98204-3886,USA,,,,,,,,,
1000531,PARISIAN STAR DESSER,5601 1ST AVE S,SEATTLE,WA,98108-2404,USA,,,,,,,,,
1000532,PARISIAN STAR DESSER,1001 S MYRTLE ST,SEATTLE,WA,98108-3527,USA,,,,,,,,,
1000534,METROPOLITAN MARKET,4025 DELRIDGE WAY SW,SEATTLE,WA,98106-1273,USA,,,,,,,,,
1000535,LA ESPIGA DORADA,18350 SW TUALATIN VALLEY HWY,ALOHA,OR,97006-3956,USA,,,,,,,,,
1000536,CALICO CUPBOARD OF A,121 FREEWAY DR,MOUNT VERNON,WA,98273-2816,USA,,,,,,,,,
1000537,MOSCOW NIGHTS,13507 SE DIVISION ST,PORTLAND,OR,97236-3048,USA,,,,,,,,,
1000538,HELEN'S DONUTS & ICE,5601 E PORTLAND AVE,TACOMA,WA,98404-2549,USA,,,,,,,,,
1000539,RIVERBOAT DISCOVERY,1975 DISCOVERY DR,FAIRBANKS,AK,99709-4577,USA,,,,,,,,,
1000541,KALEENKA PIROSHKY,26801 NE BIG ROCK RD,DUVALL,WA,98019-8217,USA,,,,,,,,,
1000542,MY NEWT MINI DONUTS,2402 5TH ST SW,PUYALLUP,WA,98373-2765,USA,,,,,,,,,
1000543,SAN FRANCISCO INC,8750 SW CITIZENS DR,WILSONVILLE,OR,97070-6404,USA,,,,,,,,,
1000544,KING'S ORIENTAL FOOD,1238 S WELLER ST,SEATTLE,WA,98144-2049,USA,,,,,,,,,
1000546,COLLECTIONS TORTILLE,1022 72ND ST E,TACOMA,WA,98404-1732,USA,,,,,,,,,
1000547,COLLECTIONS SEATTLE,9828 16TH AVE SW,SEATTLE,WA,98106-2829,USA,,,,,,,,,
1000548,SELMA'S BAKERY & DEL,184 NE 2ND ST,GRESHAM,OR,97030-7504,USA,,,,,,,,,
1000549,TAMMY'S BAKERY,7101 MARTIN LUTHER KING JR WAY S,SEATTLE,WA,98118-3591,USA,,,,,,,,,
1000550,KOLOS EURO FOODS,212 NE 164TH AVE,VANCOUVER,WA,98684-2909,USA,,,,,,,,,
1000551,BILL'S XL BAKERY,2324 SIMPSON AVE,HOQUIAM,WA,98550-3934,USA,,,,,,,,,
1000552,VICKIE'S SWEET HOME,6900 CAROLINA LN,VANCOUVER,WA,98664-1557,USA,,,,,,,,,
1000554,BREAD GARDEN LTD,1001 S 344TH ST,FEDERAL WAY,WA,98003-6795,USA,,,,,,,,,
1000555,PEPE'S BAKERY,636 DECATUR AVE,SUNNYSIDE,WA,98944-1541,USA,,,,,,,,,
1000556,PANADERIA MEXICAN CI,8416 SE 32ND AVE,PORTLAND,OR,97222-9205,USA,,,,,,,,,
1000565,JENN'S SWEETCAKES,29922 113TH PL SE,AUBURN,WA,98092-2052,USA,,,,,,,,,
1000567,YUMMIES DONUTS CAKE,8042 PACIFIC AVE,TACOMA,WA,98404-5825,USA,,,,,,,,,
1000571,OLYMPIC MT ICE CREAM,301 E WALLACE KNEELAND BLVD,SHELTON,WA,98584-2987,USA,,,,,,,,,
1000573,TIGARD DONUT,13815 SW PACIFIC HWY,TIGARD,OR,97223-4802,USA,,,,,,,,,
1000575,LY'S DONUTS,4336 ROOSEVELT WAY NE  F,SEATTLE,WA,98105-4764,USA,,,,,,,,,
1000578,CHALET DESSERTS INC,2701 LAND AVE,SACRAMENTO,CA,95815-1833,USA,,,,,,,,,
1000579,TOLLGATE INN BAKERY,38050 HIGHWAY 26,SANDY,OR,97055-6550,USA,,,,,,,,,
1000581,LUCAS FOODS,7272 SW DURHAM RD,PORTLAND,OR,97224-7569,USA,,,,,,,,,
1000582,MRS FIELDS COOKIES 5,985 SOUTHCENTER MALL,TUKWILA,WA,98188-2822,USA,,,,,,,,,
1000583,HENRY'S DONUTS - EVE,2515 BROADWAY,EVERETT,WA,98201-3020,USA,,,,,,,,,
1000584,NOSH AWAY INC,1001 S MYRTLE ST,SEATTLE,WA,98108-3527,USA,,,,,,,,,
1000585,VALLEY HARVEST,28855 MILITARY RD S,FEDERAL WAY,WA,98003-7912,USA,,,,,,,,,
1000586,ROCKET DONUTS,306 W HOLLY ST,BELLINGHAM,WA,98225-4314,USA,,,,,,,,,
1000587,MADISON PARK BAKERY,4214 E MADISON ST,SEATTLE,WA,98112-3237,USA,,,,,,,,,
1000594,WESTERNCO DONUT - BE,1412 156TH AVE NE,BELLEVUE,WA,98007-4414,USA,,,,,,,,,
1000596,KEN COOPER,32504 181ST AVE SE,AUBURN,WA,98092-9111,USA,,,,,,,,,
1000597,SWEET DREAMS,90724 DALEWOOD DR,JUNCTION CITY,OR,97448-9552,USA,,,,,,,,,
1000599,SARAH'S COOKIES,5717 NE 105TH AVE,PORTLAND,OR,97220-1156,USA,,,,,,,,,
1000602,LEE'S DONUTS,1950 ECHO HOLLOW RD,EUGENE,OR,97402-7008,USA,,,,,,,,,
1000604,MASTER DONUTS,1159 MOHAWK BLVD,SPRINGFIELD,OR,97477-4131,USA,,,,,,,,,
1000608,WESTERNCO DONUT - EV,209 E CASINO RD,EVERETT,WA,98208-2610,USA,,,,,,,,,
1000609,CASTLE ROCK BAKERY,854 WOODSIDE DR,LONGVIEW,WA,98632-9671,USA,,,,,,,,,
1000611,GENO'S COFFEE SHOP &,11620 AMBAUM BLVD SW,BURIEN,WA,98146-2641,USA,,,,,,,,,
1000612,TM DESSERT WORKS INC,6116 PHINNEY AVE N,SEATTLE,WA,98103-5514,USA,,,,,,,,,
1000613,WESTERNCO'S DONUT HO,7500 15TH AVE NW,SEATTLE,WA,98117-5409,USA,,,,,,,,,
1000614,FAMILY DOUGHNUT SHOP,2100 N NORTHGATE WAY,SEATTLE,WA,98133-9017,USA,,,,,,,,,
1000615,CHANNA HAY,12844 72ND AVE S,SEATTLE,WA,98178-4731,USA,,,,,,,,,
1000616,COFFARO'S BAKING CO,1812 B ST NW,AUBURN,WA,98001-1652,USA,,,,,,,,,
1000617,OLD COUNTRY BAKERY,900 160TH AVE NE,BELLEVUE,WA,98008-3939,USA,,,,,,,,,
1000619,COLLECTIONS THE DECO,15920 S MERRY LEE DR,OREGON CITY,OR,97045-9018,USA,,,,,,,,,
1000621,BELLAS ARTES II,5320 MCKINLEY AVE,TACOMA,WA,98404-2724,USA,,,,,,,,,
1000622,COLLECTIONS WESTERNC,405 CENTRAL AVE N,KENT,WA,98032-4514,USA,,,,,,,,,
1000624,LE PATISSIER LLC,956 NW CIRCLE BLVD,CORVALLIS,OR,97330-1410,USA,,,,,,,,,
1000625,A TASTE OF EDEN BAKE,438 N MARKET BLVD,CHEHALIS,WA,98532-2628,USA,,,,,,,,,
1000627,XTRA SPECIAL CAKES,919 W DIVISION ST,MOUNT VERNON,WA,98273-3225,USA,,,,,,,,,
1000629,CAKES BE WE,110 S 4TH AVE,PASCO,WA,99301-5507,USA,,,,,,,,,
1000630,CELEBRITY CAKE STUDI,314 E 26TH ST,TACOMA,WA,98421,USA,,,,,,,,,
1000631,DARREN'S DONUTS,1800 RIVERSIDE DR,MOUNT VERNON,WA,98273-5471,USA,,,,,,,,,
1000632,PUERTO BARRIOS INC,9955 SW BEAVERTON HILLSDALE HWY,BEAVERTON,OR,97005-3228,USA,,,,,,,,,
1000634,ROMAN RUSSIAN FOOD S,10918 SE DIVISION ST,PORTLAND,OR,97266-1259,USA,,,,,,,,,
1000635,SUNSHINE CORNER NUTR,15220 SE 272ND ST,KENT,WA,98042-4241,USA,,,,,,,,,
1000637,COLLECTIONS AARON BR,1442 COLE ST,ENUMCLAW,WA,98022-3018,USA,,,,,,,,,
1000638,ALESSIO BAKING,2025 SE 11TH AVE,PORTLAND,OR,97214-5315,USA,,,,,,,,,
1000639,MI MI'S BAKERY,4809 BEACON AVE S,SEATTLE,WA,98108-1502,USA,,,,,,,,,
1000640,SEATTLE GOURMET FOOD,19016 72ND AVE S,KENT,WA,98032-1005,USA,,,,,,,,,
1000641,LA PATISSERIE,3098 NORTHWEST AVE,BELLINGHAM,WA,98225-1607,USA,,,,,,,,,
1000644,LA UNICA BAKERY,307 S PARK ST,ABERDEEN,WA,98520-5900,USA,,,,,,,,,
1000645,LYNDEN DUTCH BAKERY,421 FRONT ST,LYNDEN,WA,98264-1920,USA,,,,,,,,,
1000646,SNOQUALMIE GOURMET I,21106 86TH AVE SE,SNOHOMISH,WA,98296-7904,USA,,,,,,,,,
1000647,TORTILLERIA Y RESTAU,5441 SOUTH TACOMA WAY,TACOMA,WA,98409-4312,USA,,,,,,,,,
1000649,HANCOCK'S BAKERY,16150 NE 85TH ST,REDMOND,WA,98052-3540,USA,,,,,,,,,
1000651,ROADRUNNER PIZZA,18200 OATFIELD RD,GLADSTONE,OR,97027-1666,USA,,,,,,,,,
1000654,CHERISHED MOMENTS IN,1980 NE SPRINGER CT,MC MINNVILLE,OR,97128-9095,USA,,,,,,,,,
1000655,JULIA'S BAKERY & CAF,7209 MARTIN WAY E,OLYMPIA,WA,98516-5534,USA,,,,,,,,,
1000656,EMILIO'S BAKERY,3905 STATE ST,SALEM,OR,97301-5323,USA,,,,,,,,,
1000658,LA VICTORIA - MT VER,1610 N LAVENTURE RD,MOUNT VERNON,WA,98273-2770,USA,,,,,,,,,
1000661,DADN'S CAKES LLC,1444 SW 320TH PL,FEDERAL WAY,WA,98023-5534,USA,,,,,,,,,
1000663,MARILYN FISK,2904 SE 62ND AVE,PORTLAND,OR,97206-2040,USA,,,,,,,,,
1000664,PASSPORT FOOD GROUP,2539 E PHILADELPHIA ST,ONTARIO,CA,91761-7774,USA,,,,,,,,,
1000665,BANKRUPTCY 11 DYNAMI,1001 E 33RD ST,LUBBOCK,TX,79404-1816,USA,,,,,,,,,
1000670,JEAN'S POSH PANTRY I,12625 STOWE DR,POWAY,CA,92064-6853,USA,,,,,,,,,
1000672,DCP COMPANY,3501 INDUSTRY DR E,FIFE,WA,98424-1834,USA,,,,,,,,,
1000685,BANKRUPTCY 11 M C WH,170 E RINCON ST,CORONA,CA,92879-1327,USA,,,,,,,,,
1000689,GOLDEN BAKE FOOD PRO,30754 SAN ANTONIO ST,HAYWARD,CA,94544-7106,USA,,,,,,,,,
1000693,KING DONUTS,1695 STATE ST,SALEM,OR,97301-4258,USA,,,,,,,,,
1000694,SALVADORIAN BAKERY I,1719 SW ROXBURY ST,SEATTLE,WA,98106-2737,USA,,,,,,,,,
1000695,AURORA DONUTS,13201 AURORA AVE N,SEATTLE,WA,98133-7586,USA,,,,,,,,,
1000698,WATANABE BAKERY & CA,15321 MAIN ST NE,DUVALL,WA,98019-8574,USA,,,,,,,,,
1000703,BAKER BOYS NW LLC,3812 S WRIGHT AVE,TACOMA,WA,98409-3142,USA,,,,,,,,,
1000704,SIMPLY DONUTS,1009 S BERTELSEN RD,EUGENE,OR,97402-5427,USA,,,,,,,,,
1000705,DONUT PLUS,14740 NW CORNELL RD,PORTLAND,OR,97229-5400,USA,,,,,,,,,
1000707,TERESITA'S MEXICAN B,3731 MCKINLEY AVE,TACOMA,WA,98404-3035,USA,,,,,,,,,
1000708,DONA QUEEN DONUTS &,2445 4TH AVE S,SEATTLE,WA,98134-1939,USA,,,,,,,,,
1000712,WHOLESALE BAKING - C,2809 MARKET ST NE,SALEM,OR,97301-1644,USA,,,,,,,,,
1000714,JOY'S BAKERY,823 METCALF ST,SEDRO WOOLLEY,WA,98284-1422,USA,,,,,,,,,
1000715,PITA KING BAKERY,2210 37TH ST,EVERETT,WA,98201-4509,USA,,,,,,,,,
1000716,AN XUYEN - PORTLAND,5345 SE FOSTER RD,PORTLAND,OR,97206-2937,USA,,,,,,,,,
1000717,LANVIN FRENCH BAKERY,8211 NE BRAZEE ST,PORTLAND,OR,97220-5394,USA,,,,,,,,,
1000718,GOOD NEIGHBOR,4107 SE 82ND AVE,PORTLAND,OR,97266-2915,USA,,,,,,,,,
1000721,DORRIS'S DONUTS,1724 FRONT ST,LYNDEN,WA,98264-1261,USA,,,,,,,,,
1000722,BAKER'S BREAKFAST CO,427 OHIO ST,BELLINGHAM,WA,98225-4641,USA,,,,,,,,,
1000723,LA PROVENCE BAKERY,4726 SE DIVISION ST,PORTLAND,OR,97206-1510,USA,,,,,,,,,
1000724,MRS JOHNSON'S DONUTS,330 RAINIER AVE S,RENTON,WA,98057-2403,USA,,,,,,,,,
1000725,HELEN BERNHARD BAKER,1717 NE BROADWAY ST,PORTLAND,OR,97232-1775,USA,,,,,,,,,
1000726,MRS FIELDS COOKIES 5,12502 SE 259TH ST,KENT,WA,98030-8470,USA,,,,,,,,,
1000729,SALVADOR'S BAKERY II,3790 SILVERTON RD NE,SALEM,OR,97305-3585,USA,,,,,,,,,
1000730,PORTLAND FRENCH,6840 N MARINE DR,PORTLAND,OR,97203-6492,USA,,,,,,,,,
1000731,BELLAS ARTES BAKERY,29314 PACIFIC HWY S,FEDERAL WAY,WA,98003-3863,USA,,,,,,,,,
1000733,TEENY FOODS,3434 NE 170TH PL,PORTLAND,OR,97230-5072,USA,,,,,,,,,
1000735,SVENHARD'S SWEDISH B,701 INDUSTRIAL DR,EXETER,CA,93221-2102,USA,,,,,,,,,
1000736,PUNJAB SWEETS,23617 104TH AVE SE,KENT,WA,98031-3378,USA,,,,,,,,,
1000737,MRS FIELDS COOKIES 5,900 GLENEAGLES DR,EDMOND,OK,73013-1808,USA,,,,,,,,,
1000740,WAN HUA FOODS INC,804 6TH AVE S,SEATTLE,WA,98134-1304,USA,,,,,,,,,
1000741,COLLECTIONS ARARAT B,5716 SE 92ND AVE,PORTLAND,OR,97266-4659,USA,,,,,,,,,
1000742,JULIA'S OF WALLINGFO,1714 N 44TH ST,SEATTLE,WA,98103-7571,USA,,,,,,,,,
1000746,DONUT LAND,19350 SW BOONES FERRY RD,TUALATIN,OR,97062-9084,USA,,,,,,,,,
1000747,COUGAR MOUNTAIN BAKI,4224 24TH AVE W,SEATTLE,WA,98199-1216,USA,,,,,,,,,
1000748,SESAME DONUT,6990 SW BEAVERTON HILLSDALE HWY,PORTLAND,OR,97225-1461,USA,,,,,,,,,
1000749,SUZIE'S CAKES,2302 SIMPSON AVE,HOQUIAM,WA,98550-3934,USA,,,,,,,,,
1000754,COLLECTIONS J&R DONU,9638 GRAVELLY LAKE DR SW,TACOMA,WA,98499-1516,USA,,,,,,,,,
1000755,GOLDEN BAKE FOOD PRO,12120 PARK ST,CERRITOS,CA,90703-1842,USA,,,,,,,,,
1000759,MRS FIELDS COOKIES 5,1948 W PULLMAN RD  G24,MOSCOW,ID,83843-4013,USA,,,,,,,,,
1000761,SUNRISE DONUTS CLOSE,3318 181ST PL NE,REDMOND,WA,98052-5933,USA,,,,,,,,,
1000762,HANK'S THRIFTWAY,661 SE BASELINE ST,HILLSBORO,OR,97123-4183,USA,,,,,,,,,
1000763,SUNNY DONUTS LLC,4500 PACIFIC HWY E,FIFE,WA,98424-2685,USA,,,,,,,,,
1000765,PORTLAND SPECIALTY B,3423 NE 172ND PL,PORTLAND,OR,97230-5071,USA,,,,,,,,,
1000768,COLLECTIONS BUBBLES,15215 KESWICK ST,VAN NUYS,CA,91405-1014,USA,,,,,,,,,
1000771,THE GRACE CAFE INC,1065 E SUNSET DR,BELLINGHAM,WA,98226-3510,USA,,,,,,,,,
1000774,ALKI BAKERY & CAFE I,8815 S 190TH ST,KENT,WA,98031-1270,USA,,,,,,,,,
1000776,EUROBAKE,5917 NE 80TH AVE,PORTLAND,OR,97218-2891,USA,,,,,,,,,
1000777,COLLECTIONS PAVE BAK,2613 COLBY AVE,EVERETT,WA,98201-2921,USA,,,,,,,,,
1000778,EVERGREEN DONUTS,20101 44TH AVE W,LYNNWOOD,WA,98036-6745,USA,,,,,,,,,
1000781,AN XUYEN BAKERY - SE,19043 INTERNATIONAL BLVD,SEATAC,WA,98188-5207,USA,,,,,,,,,
1000782,HENRY'S DONUTS - MUK,10924 MUKILTEO SPEEDWAY,MUKILTEO,WA,98275-5051,USA,,,,,,,,,
1000784,COLLECTIONS BEAVERTO,12375 SW BROADWAY ST,BEAVERTON,OR,97005-2184,USA,,,,,,,,,
1000786,MOSTLY MUFFINS,22330 68TH AVE S,KENT,WA,98032-1948,USA,,,,,,,,,
1000790,SCHWARTZ BROS BAKERY,1010 SW 34TH ST,RENTON,WA,98057-4813,USA,,,,,,,,,
1000791,PIROSHKY - PIROSHKY,1908 PIKE PL,SEATTLE,WA,98101-1013,USA,,,,,,,,,
1000792,COLLECTIONS UPPER CR,41 B AVE,LAKE OSWEGO,OR,97034-3130,USA,,,,,,,,,
1000793,CINNAMON WORKS,1530 PIKE PL,SEATTLE,WA,98101-1527,USA,,,,,,,,,
1000795,FACTORY DONUT,12505 NE 144TH ST,KIRKLAND,WA,98034-1532,USA,,,,,,,,,
1000798,ENER G FOODS INC,5960 1ST AVE S,SEATTLE,WA,98108-3248,USA,,,,,,,,,
1000801,LAFEEN FAMILY PRIDE,1466 ELECTRIC AVE,BELLINGHAM,WA,98229-2482,USA,,,,,,,,,
1000803,MARSEE FOODS INC,9100 N VANCOUVER AVE,PORTLAND,OR,97217-7560,USA,,,,,,,,,
1000804,COLLECTIONS OLD MILL,15708 PALATINE AVE N,SHORELINE,WA,98133-5918,USA,,,,,,,,,
1000805,SCOTTY'S JUICETREE I,14026 SE 238TH LN,KENT,WA,98042-3835,USA,,,,,,,,,
1000806,CREATIVE CAKE DESIGN,17674 SE 301ST ST,KENT,WA,98042-5715,USA,,,,,,,,,
1000810,LE DONUT - AUBURN,3840 A ST SE,AUBURN,WA,98002-3856,USA,,,,,,,,,
1000813,COEUR D'ALENE,6701 S 216TH ST,KENT,WA,98032-1389,USA,,,,,,,,,
1000814,GOLDEN CROWN BAKERY,12310 HIGHWAY 99,EVERETT,WA,98204-8033,USA,,,,,,,,,
1000815,OOSTERWYK'S DUTCH BA,1513 3RD ST,MARYSVILLE,WA,98270-5001,USA,,,,,,,,,
1000816,COOKIES IN BLOOM,11 103RD AVE NE,BELLEVUE,WA,98004-4965,USA,,,,,,,,,
1000819,WESTERNCO DONUTS - L,11916 PACIFIC HWY SW,TACOMA,WA,98499-1034,USA,,,,,,,,,
1000820,MEE SUM PASTRY,5901 22ND AVE S,SEATTLE,WA,98108-2942,USA,,,,,,,,,
1000822,PASCO CORP OF AMERIC,6500 N MARINE DR,PORTLAND,OR,97203-6484,USA,,,,,,,,,
1000823,PAO'S DONUT & MUFFIN,6919 6TH AVE,TACOMA,WA,98406-1705,USA,,,,,,,,,
1000825,DELITE BAKERY INC,2701 15TH AVE S,SEATTLE,WA,98144-5024,USA,,,,,,,,,
1000826,DONUT STAR - AUBURN,914 AUBURN WAY S,AUBURN,WA,98002-6101,USA,,,,,,,,,
1000827,LUCKY DONUT,140 SW 152ND ST,SEATTLE,WA,98166-2306,USA,,,,,,,,,
1000831,INNOVATIVE SOLUTIONS,6755 S 216TH ST,KENT,WA,98032-1389,USA,,,,,,,,,
1000832,WESTERNCO DONUT - TA,9312 SOUTH TACOMA WAY,TACOMA,WA,98499-4474,USA,,,,,,,,,
1000833,LOTUS DONUTS,6560 5TH AVE S,SEATTLE,WA,98108-3432,USA,,,,,,,,,
1000835,EDMONDS BAKERY,418 MAIN ST,EDMONDS,WA,98020-3138,USA,,,,,,,,,
1000838,BANKRUPTCY 11 BEAR C,2518 S PACIFIC HWY,MEDFORD,OR,97501-8724,USA,,,,,,,,,
1000840,WESTERNCO DONUT - SU,251 SUNSET BLVD N  B,RENTON,WA,98057-5517,USA,,,,,,,,,
1000841,COUNTRYSIDE DONUTS -,21919 66TH AVE W,MOUNTLAKE TERRACE,WA,98043-2189,USA,,,,,,,,,
1000843,COUNTRYSIDE DONUTS -,11613 124TH AVE NE,KIRKLAND,WA,98034-8106,USA,,,,,,,,,
1000844,COUNTRYSIDE DONUTS -,10032 MAIN ST,BOTHELL,WA,98011-3424,USA,,,,,,,,,
1000845,WAGNERS BAKERY & DEL,1013 CAPITOL WAY S,OLYMPIA,WA,98501-1211,USA,,,,,,,,,
1000846,CONNIE'S DONUTS,4065 PACIFIC AVE,TACOMA,WA,98418-7831,USA,,,,,,,,,
1000847,OLSONS BAKING COMPAN,6414 204TH ST SW,LYNNWOOD,WA,98036-5966,USA,,,,,,,,,
1000848,COLLECTIONS WESTERN,6008 MARTIN LUTHER KING JR WAY S,SEATTLE,WA,98118-3142,USA,,,,,,,,,
1000849,LE DONUT - TACOMA,1317 S 11TH ST,TACOMA,WA,98405-3644,USA,,,,,,,,,
1000850,FRANKS DONUTS & MUFF,12110 A ST S,TACOMA,WA,98444-5113,USA,,,,,,,,,
1000851,DONUT AND MUFFIN FAC,201 4TH ST NE,AUBURN,WA,98002-5026,USA,,,,,,,,,
1000852,KARL'S BAKERY,2814 WETMORE AVE,EVERETT,WA,98201-3518,USA,,,,,,,,,
1000853,BAKERY EXPRESS,10214 SE 240TH ST,KENT,WA,98031-5123,USA,,,,,,,,,
1000854,HILLCREST BAKERY,10010 MAIN ST,BOTHELL,WA,98011-3424,USA,,,,,,,,,
1000856,BELSHAW BROS INC,814 44TH ST NW,AUBURN,WA,98001-1754,USA,,,,,,,,,
1000858,DOBAKE BAKERIES INC,810 81ST AVE,OAKLAND,CA,94621-2510,USA,,,,,,,,,
1000859,JOHNSON BROTHERS BAK,10731 N IH 35,SAN ANTONIO,TX,78233-6639,USA,,,,,,,,,
1000861,DUTCH AMERICAN FOODS,1362 DUTCH AMERICAN WAY,BEECHER,IL,60401-5093,USA,,,,,,,,,
1000863,BAKEMARK USA,19963 NE SAN RAFAEL ST,PORTLAND,OR,97230-7458,USA,,,,,,,,,
1000864,DESSERTS BY TASHA NI,3121 60TH LOOP SE,OLYMPIA,WA,98501-5376,USA,,,,,,,,,
1000865,CGI DESSERTS - CSM B,1912 MONTREAL RD,TUCKER,GA,30084-5201,USA,,,,,,,,,
1000878,CSM BAKERY PRODUCTS,1912 MONTREAL RD,TUCKER,GA,30084-5201,USA,,,,,,,,,
1001000,LA PRECIOSA,9629 EVERGREEN WAY,EVERETT,WA,98204-7198,USA,,,,,,,,,
1001010,OAXACA BAKERY II,6150 SW LOMBARD AVE,BEAVERTON,OR,97008-4736,USA,,,,,,,,,
1001012,EUROPA PDX INC,3300 NE 88TH AVE,VANCOUVER,WA,98662-6813,USA,,,,,,,,,
1001013,HERBAN ALTERNATIVES,928 N 137TH ST,SEATTLE,WA,98133-7570,USA,,,,,,,,,
1001014,REGENT BAKERY & CAFE,1404 E PINE ST,SEATTLE,WA,98122-4032,USA,,,,,,,,,
1001015,LUCKY DEVIL,10817 36TH AVE SW,SEATTLE,WA,98146-1732,USA,,,,,,,,,
1001016,COLLECTIONS THE RECI,2302 SIMPSON AVE,HOQUIAM,WA,98550-3934,USA,,,,,,,,,
1001017,KOLBY'S DONUT HOUSE,101 S 60TH ST,TACOMA,WA,98408-7519,USA,,,,,,,,,
1001021,JEFFREY WEEMS,941 206TH PL NE,SUMMAMISH,WA,98074-6691,USA,,,,,,,,,
1001022,VIERA'S BAKERY,430 W LEWIS ST,PASCO,WA,99301-5642,USA,,,,,,,,,
1001025,HELPING HANDS USA,3719 E BEAUMONT ST,SPRINGFIELD,MO,65809-4154,USA,,,,,,,,,
1001026,NEUMANN'S GERMAN BAK,10534 NE SANDY BLVD,PORTLAND,OR,97220-2508,USA,,,,,,,,,
1001028,COLOMBIAN BAKERY LUI,8012 S TACOMA WAY 340,LAKEWOOD,WA,98499-4500,USA,,,,,,,,,
1001030,CAKES BY LOOK,501 2ND AVE W,SEATTLE,WA,98119-3983,USA,,,,,,,,,
1001031,FRANK'S DONUT & MUFF,14117 PACIFIC AVE S,TACOMA,WA,98444-6935,USA,,,,,,,,,
1001032,GREAT HARVEST BREAD,2218 NW MARKET ST,SEATTLE,WA,98107-4024,USA,,,,,,,,,
1001046,COLLECTIONS STONEGRO,1201 E YELM AVE,YELM,WA,98597-9427,USA,,,,,,,,,
1001047,PIKE PLACE BAKERY TW,1222 BRONSON WAY N,RENTON,WA,98057-5762,USA,,,,,,,,,
1001048,THE SWEET STOP CUPCA,6959 FISH HATCHERY DR,ENTIAT,WA,98822-9739,USA,,,,,,,,,
1001049,SERIOUSCAKE.COM,1701 SHADOW WOOD DR,WEST LINN,OR,97068-9746,USA,,,,,,,,,
1001051,CORINA BAKERY & BIST,602 FAWCETT AVE,TACOMA,WA,98402-2321,USA,,,,,,,,,
1001052,PANADERIA EL TRIGAL,6301 MCKINLEY AVE,TACOMA,WA,98404-2343,USA,,,,,,,,,
1001055,HENRY'S DONUTS - MON,19191 STATE ROUTE 2,MONROE,WA,98272-1553,USA,,,,,,,,,
1001060,GLAZE BAKERY,595 GRANT ROAD,EAST WENATCHEE,WA,98802-7817,USA,,,,,,,,,
1001061,J&J SNACK FOODS HAND,312 SOUND RD,HOLLY RIDGE,NC,28445-7812,USA,,,,,,,,,
1001063,EL JAZMIN,531 E MAIN ST,OTHELLO,WA,99344-1148,USA,,,,,,,,,
1001064,DOTZ DESSERTS & ALLE,7021 HOMESTEAD AVE,TACOMA,WA,98404-5023,USA,,,,,,,,,
1001065,SPEEDY GONZALES,11319 26TH AVE S,SEATTLE,WA,98168-1859,USA,,,,,,,,,
1001066,FRIAS PANADERIA,9501 STATE AVE,MARYSVILLE,WA,98270-2235,USA,,,,,,,,,
1001067,LE CHEF BAKERY,7547 TELEGRAPH RD,MONTEBELLO,CA,90640-6516,USA,,,,,,,,,
1001070,GRACIE'S IN & OUT PA,11023 STATE AVE,MARYSVILLE,WA,98271-7200,USA,,,,,,,,,
1001071,CLYDE'S DONUTS,1120 W FULLERTON AVE,ADDISON,IL,60101-4304,USA,,,,,,,,,
1001072,HEARTLAND INGREDIENT,508 E CHERRY ST,TROY,MO,63379-1410,USA,,,,,,,,,
1001073,OH SO GOOD!,4544 TRAFALGAR AVE,JUNEAU,AK,99801-9173,USA,,,,,,,,,
1001074,PASTELERIA LAS PRINC,1300 SW OAK ST,HILLSBORO,OR,97123-4308,USA,,,,,,,,,
1001075,MRS FIELDS COOKIES 5,1000 2ND AVE,SEATTLE,WA,98104-1094,USA,,,,,,,,,
1001076,DELRIDGE BAKERY,9427 17TH AVE SW,SEATTLE,WA,98106-2710,USA,,,,,,,,,
1001077,PONCE'S BAKERY,13043 1ST AVE S,BURIEN,WA,98168-2620,USA,,,,,,,,,
1001078,COOKIES BY DESIGN,11853 SE 221ST ST,KENT,WA,98031-9628,USA,,,,,,,,,
1001079,PLUME,117 KIRKLAND AVE,KIRKLAND,WA,98033-6504,USA,,,,,,,,,
1001080,MARICELLA BARAJAS,1609 EAGLE RIDGE DR S,RENTON,WA,98055-3562,USA,,,,,,,,,
1001081,TORTILLERIA 4 HERMAN,570 SE 3RD AVE,HILLSBORO,OR,97123-4407,USA,,,,,,,,,
1001082,HOWELL STREET BAKERY,804 HOWELL ST,SEATTLE,WA,98101-1311,USA,,,,,,,,,
1001083,LA MEXICANA #4,18801 SE STARK ST,PORTLAND,OR,97233-5331,USA,,,,,,,,,
1001085,TIENDA Y CARNIC LOS,525 E COLLEGE WAY,MOUNT VERNON,WA,98273-5571,USA,,,,,,,,,
1001086,SWEET THEMES BAKERY,317 W MEEKER ST,KENT,WA,98032-6005,USA,,,,,,,,,
1001087,PANADERIA LA FABULOS,12413 MERIDIAN E,PUYALLUP,WA,98373-3470,USA,,,,,,,,,
1001089,SLICE OF HEAVEN,508 BAYSIDE RD,BELLINGHAM,WA,98225-7806,USA,,,,,,,,,
1001091,THE PEOPLE'S CAKE,177 WESTERN AVE W,SEATTLE,WA,98119-4211,USA,,,,,,,,,
1001092,BABA FRESH,11139 SW CAPITOL HWY,PORTLAND,OR,97219-7201,USA,,,,,,,,,
1001093,AT THE VINEYARD INC,16507 140TH PL NE,WOODINVILLE,WA,98072-9050,USA,,,,,,,,,
1001094,MRS FIELDS COOKIES 5,7403 SW BRIDGEPORT RD,TIGARD,OR,97224-7773,USA,,,,,,,,,
1001096,3 HERMANOS,25451 104TH AVE SE,KENT,WA,98030-6663,USA,,,,,,,,,
1001097,HOUSE OF BREAD ANCHO,8130 OLD SEWARD HWY,ANCHORAGE,AK,99518-3349,USA,,,,,,,,,
1001100,ROSE CITY BAKERY,1233 SE 174TH AVE,PORTLAND,OR,97233,USA,,,,,,,,,
1001101,MARTHA'S MINI BAKERY,917 MARION ST,CENTRALIA,WA,98531-5428,USA,,,,,,,,,
1001102,ELIZABETH ROSAS DE C,803 COWEEMAN LN,KELSO,WA,98626-2856,USA,,,,,,,,,
1001105,MICRO DOUGHNUTS,1353 SW 10TH ST,NORTH BEND,WA,98045-7958,USA,,,,,,,,,
1001106,SUGAR MAMA'S BAKE SH,13703 SE 202ND PL,KENT,WA,98042-3039,USA,,,,,,,,,
1001107,CLIFTON LAPLANT,19115 SE 314TH PL,KENT,WA,98042-9736,USA,,,,,,,,,
1001108,SAIGON BAKERY & BUBB,1200 S JACKSON ST,SEATTLE,WA,98144-2026,USA,,,,,,,,,
1001109,HERBAL BAG LADY,8919 ARLINGTON HEIGHTS RD,ARLINGTON,WA,98223-6962,USA,,,,,,,,,
1001112,LAFEEN'S DONUTS & IC,320 N BURLINGTON BLVD,BURLINGTON,WA,98233-1118,USA,,,,,,,,,
1001113,TAQUERIA Y PANADERIA,1642 PACIFIC BLVD SE,ALBANY,OR,97321-4831,USA,,,,,,,,,
1001114,PASTELERIA 4 HERMANO,16688 HIGHWAY 99E NE,WOODBURN,OR,97071-9184,USA,,,,,,,,,
1001115,HELEN'S DONUTS & ICE,5601 E PORTLAND AVE,TACOMA,WA,98404-2549,USA,,,,,,,,,
1001116,SHIRLEY'S CAKES,10 ECHO CT,YAKIMA,WA,98908-8814,USA,,,,,,,,,
1001117,SUNRISE DONUTS AND E,7299 W LAKE SAMMAMISH PKWY NE,REDMOND,WA,98052-4303,USA,,,,,,,,,
1001118,GRANNY'S GOODIES LLC,1061 15TH AVE,LONGVIEW,WA,98632-2324,USA,,,,,,,,,
1001121,COLLETIONS JONES AND,2515 WATERWHEEL RD,EMMETT,ID,83617-9465,USA,,,,,,,,,
1001124,SIMPLY CAKETASTIC,1357 STATE AVE,MARYSVILLE,WA,98270-3604,USA,,,,,,,,,
1001126,KIKI BAKERY,15230 NE 24TH ST,REDMOND,WA,98052-5540,USA,,,,,,,,,
1001127,MELISSA O'REGAN,8619 230TH AVE NE,REDMOND,WA,98053-1962,USA,,,,,,,,,
1001128,HOUSE OF BREAD,16230 SW PACIFIC HWY,TIGARD,OR,97224-3459,USA,,,,,,,,,
1001129,COLLECTIONS VIKELI B,21224 84TH AVE S,KENT,WA,98032-1967,USA,,,,,,,,,
1001130,TWISTER DONUTS,2302 4TH AVE E,OLYMPIA,WA,98506-4733,USA,,,,,,,,,
1001131,LAS TUNAS MEXICAN CU,3831 MAIN ST,SPRINGFIELD,OR,97478-5801,USA,,,,,,,,,
1001132,ARLINGTON ASSEMBLY O,3203 264TH ST NE,ARLINGTON,WA,98223-6004,USA,,,,,,,,,
1001134,ENRIQUES BAKERY,50 E HEMLOCK CT,SHELTON,WA,98584-9722,USA,,,,,,,,,
1001136,LAURA & DAISY'S BAKE,1436 MAIN ST,SPRINGFIELD,OR,97477,USA,,,,,,,,,
1001137,MINERVA DIAZ,405 S 7TH ST,RENTON,WA,98057-2581,USA,,,,,,,,,
1001138,PHOEBE'S PASTRY CAFE,1800 COOPER POINT RD SW,OLYMPIA,WA,98502-1179,USA,,,,,,,,,
1001139,MI MI BAKERY,4809 BEACON AVE S,SEATTLE,WA,98108-1502,USA,,,,,,,,,
1001140,LOS AMIGOS,4507 LACEY BLVD SE,LACEY,WA,98503-5718,USA,,,,,,,,,
1001141,KATHY CASEY FOODS ST,5130 BALLARD AVE NW,SEATTLE,WA,98107-4811,USA,,,,,,,,,
1001142,PINKS ORIGINAL BAKER,19249 84TH AVE S,KENT,WA,98032-1237,USA,,,,,,,,,
1001143,NEW RENAISSANCE CAKE,301 QUEEN ANNE AVE N,SEATTLE,WA,98109-4513,USA,,,,,,,,,
1001144,MEIANNA BAKERY & CAF,6008 MARTIN LUTHER KING JR WAY S,SEATTLE,WA,98118-3142,USA,,,,,,,,,
1001145,NOSTALGIA HOUSE BAKE,1341 BAY ST,PORT ORCHARD,WA,98366-5150,USA,,,,,,,,,
1001146,EL CHARRITO MARKET,9629 EVERGREEN WAY,EVERETT,WA,98204-7198,USA,,,,,,,,,
1001147,HENRY DONUTS - MARYS,1289 STATE AVE,MARYSVILLE,WA,98270-3696,USA,,,,,,,,,
1001150,EPIC DONUTS,12314 MERIDIAN E,PUYALLUP,WA,98373-5061,USA,,,,,,,,,
1001151,AL SHUKR MINI MARKET,2823 S 200TH ST,SEATAC,WA,98198-5208,USA,,,,,,,,,
1001152,EL SABOR DE MEXICO,1679 S MARKET BLVD,CHEHALIS,WA,98532,USA,,,,,,,,,
1001153,FROST ME SWEET,710 THE PARKWAY,RICHLAND,WA,99352-4235,USA,,,,,,,,,
1001158,COTTAGE BAKERY & CAF,9903 381ST ST E,EATONVILLE,WA,98328-8057,USA,,,,,,,,,
1001159,FOREST FAIRY BAKERY,485 FRONT ST N,ISSAQUAH,WA,98027-2900,USA,,,,,,,,,
1001160,SIMPLY SOULFUL  PIES,281 SW 41ST ST,RENTON,WA,98057-4930,USA,,,,,,,,,
1001161,PETIT CHAT VILLAGE B,9910 N WAIKIKI RD,SPOKANE,WA,99218-2359,USA,,,,,,,,,
1001163,MIA BAKERY,208 W LEWIS ST,PASCO,WA,99301-5646,USA,,,,,,,,,
1001164,FRANCISCO'S BAKERY,5300 W CLEARWATER,KENNEWICK,WA,99336-1955,USA,,,,,,,,,
1001165,COLLECTIONS PANADERI,615 W COLUMBIA DR,KENNEWICK,WA,99336,USA,,,,,,,,,
1001166,ESPIGA DE ORO,803 W NOB HILL BLVD,YAKIMA,WA,98902-5524,USA,,,,,,,,,
1001167,COLLECTIONS DAISEY'S,1832 W COURT ST,PASCO,WA,99301-3446,USA,,,,,,,,,
1001168,PANADERIA URUAPAN,607 W CLARK,PASCO,WA,99301-5523,USA,,,,,,,,,
1001169,EMERALD CITY CAKE BA,29908 61ST AVE S,#,WA,98001-3035,USA,,,,,,,,,
1001170,COLLECTIONS BAKER ST,3730 132ND ST SW,LYNNWOOD,WA,98087-5107,USA,,,,,,,,,
1001172,NANCY'S BAKERY,5705 CENTRAL PARK DR,ABERDEEN,WA,98520-7161,USA,,,,,,,,,
1001173,M&N GROCERY & BAKERY,309 YAKIMA VALLEY HWY,SUNNYSIDE,WA,98944-1322,USA,,,,,,,,,
1001174,RUBEN'S TORTILLERIA,1518 S 1ST ST,YAKIMA,WA,98901-3544,USA,,,,,,,,,
1001175,G BETO'S BAKERY,529 N TOWER,CENTRALIA,WA,98531-4664,USA,,,,,,,,,
1001176,DELICIAS BAKERY,1401 FRUITVALE BLVD,YAKIMA,WA,98902-1926,USA,,,,,,,,,
1001177,PANADERIA AGUILILLA,3206 MAIN ST,UNION GAP,WA,98903-1848,USA,,,,,,,,,
1001178,PANADERIA LA MORENIT,117 E WALNUT ST,YAKIMA,WA,98901-2824,USA,,,,,,,,,
1001181,SUPER BAKERY LLC,111 N 6TH ST,SUNNYSIDE,WA,98944-1348,USA,,,,,,,,,
1001182,ALBERTO BAKERY,6724 51ST AVE E,TACOMA,WA,98443-2335,USA,,,,,,,,,
1001183,LOS REYES BAKERY,4771 CURRANT LANE NE,SALEM,OR,97305-2687,USA,,,,,,,,,
1001184,ZULE'S CAKES,3795 WILTON AVE NE,SALEM,OR,97305-1203,USA,,,,,,,,,
1001185,MATHSAW BAKERY,9170 PORTLAND RD NE,BROOKS,OR,97305-9636,USA,,,,,,,,,
1001186,COLLECTIONS LA CEIBI,14200 1ST AVE S,BURIEN,WA,98168-3430,USA,,,,,,,,,
1001187,TAMU FOODS,1112 SOUTH 344TH ST,FEDERAL WAY,WA,98003-6797,USA,,,,,,,,,
1001188,COLLECTIONS MARTINEZ,1052 14TH AVE,LONGVIEW,WA,98632-2319,USA,,,,,,,,,
1001202,BAGEL CAFE RR LLC 2,11011 W CHARLESTON BLVD,LAS VEGAS,NV,89135-1402,USA,,,,,,,,,
1001206,DONUT PALACE - MARSH,100 E END BLVD S,MARSHALL,TX,75670-5602,USA,,,,,,,,,
1001207,DONUT PLACE - TYLER,1501 W SOUTHWEST LOOP 323,TYLER,TX,75701-9350,USA,,,,,,,,,
1001208,PANADERIA Y PASTELER,2518 E WALNUT AVE,DALTON,GA,30721-8730,USA,,,,,,,,,
1001223,PINK ELEPHANT #3,340 E 10TH ST,GILROY,CA,95020-6582,USA,,,,,,,,,
1001234,DONUT PALACE,100 12TH ST,PFLUGERVILLE,TX,78660-3816,USA,,,,,,,,,
1001235,PFLUGERVILLE DONUTS,1700 GRAND AVENUE PKWY,PFLUGERVILLE,TX,78660-2073,USA,,,,,,,,,
1001236,FRESH DONUTS - ROUND,1920 SAM BASS RD,ROUND ROCK,TX,78681-4234,USA,,,,,,,,,
1001239,BETTY'S PIES - WHITE,700 WILDWOOD RD,MAHTOMEDI,MN,55115-1852,USA,,,,,,,,,
1001240,DE ALBA'S BAKERY #5,8409 HARRAH DR,EDINBURG,TX,78542-6523,USA,,,,,,,,,
1001241,LA COLMENA BAKERY,9405 1/2 LONG POINT RD,HOUSTON,TX,77055-4201,USA,,,,,,,,,
1001242,LA COLMENA BAKERY,1660 GESSNER RD,HOUSTON,TX,77080-7022,USA,,,,,,,,,
1001243,GUATEMALTECA BAKERY,7630 VAN NUYS BLVD,VAN NUYS,CA,91405-1358,USA,,,,,,,,,
1001248,BANKRUPTCY ALESSI BA,5202 EAGLE TRAIL DR,TAMPA,FL,33634-1295,USA,,,,,,,,,
1001249,BANKRUPTCY ALESSI BA,2909 W CYPRESS ST,TAMPA,FL,33609-1630,USA,,,,,,,,,
1001253,MRS FIELDS COOKIES 5,501 5TH AVE 42ST,NEW YORK,NY,10017-6107,USA,,,,,,,,,
1001254,PANADERIA PAHUATLAN,1406 N FAYETTEVILLE ST,ASHEBORO,NC,27203-3969,USA,,,,,,,,,
1001257,COLLECTIONS BAY BREA,241 E HARRIS AVE,SOUTH SAN FRANCISCO,CA,94080-6807,USA,,,,,,,,,
1001258,COLLECTIONS NFB - SH,320B SHAW RD,SOUTH SAN FRANCISCO,CA,94080-6623,USA,,,,,,,,,
1001259,V TROPICAL BAKE SHOP,31844 ALVARADO BLVD,UNION CITY,CA,94587-3913,USA,,,,,,,,,
1001262,MRS FIELDS COOKIES 5,1052 SPRING HILL MALL,WEST DUNDEE,IL,60118-1256,USA,,,,,,,,,
1001263,NICOLA'S DONUTS,3959 VAN DYKE RD,LUTZ,FL,33558-8025,USA,,,,,,,,,
1001264,NICOLA'S DONUTS #2,14390 N DALE MABRY HWY,TAMPA,FL,33618-2018,USA,,,,,,,,,
1001265,SUPERMERCADO LA POTO,5863 OLD DIXIE HWY,FOREST PARK,GA,30297-3271,USA,,,,,,,,,
1001266,MRS FIELDS COOKIES 5,600 HENNEPIN AVE,MINNEAPOLIS,MN,55403-1821,USA,,,,,,,,,
1001268,MRS FIELDS COOKIES 5,32100 LAS VEGAS BLVD S,PRIMM,NV,89019-7011,USA,,,,,,,,,
1001271,ALDEN MERRELL,4 GRAF RD,NEWBURYPORT,MA,01950-4699,USA,,,,,,,,,
1001275,COLLECTIONS DONUT CO,4213 AUGUSTA RD,GARDEN CITY,GA,31408-2117,USA,,,,,,,,,
1001276,COLLECTIONS DONUT CO,809 WILLOWBROOK DR,HINESVILLE,GA,31313-6497,USA,,,,,,,,,
1001277,HARVEST TIME BREAD C,1 AMBOY AVE,WOODBRIDGE,NJ,07095-2639,USA,,,,,,,,,
1001279,PANADERIA MEXICANA L,6300 WHITE HORSE RD,GREENVILLE,NC,29611-3258,USA,,,,,,,,,
1001281,DONUT BISTRO,1550 PYRAMID WAY,SPARKS,NV,89431-3786,USA,,,,,,,,,
1001283,BIG SKY BAKING CO PE,2812 CAHABA RD,MOUNTAIN BROOK,AL,35223-2306,USA,,,,,,,,,
1001285,MRS FIELDS COOKIES 5,14006 RIVERSIDE DR,SHERMAN OAKS,CA,91423-1945,USA,,,,,,,,,
1001286,HONEY FLUFF,98 N KENNEDY DR,CARPENTERSVILLE,IL,60110-1671,USA,,,,,,,,,
1001287,NORMANDY ARTISAN BKR,3157 MAYBANK HWY,JOHNS ISLAND,SC,29455-4879,USA,,,,,,,,,
1001288,BRUEGGER'S BAGEL,100 DOMINION DR,MORRISVILLE,NC,27560-9257,USA,,,,,,,,,
1001294,PANADERIA Y PASTELER,4225 VETERANS MEMORIAL HWY,LITHIA SPRINGS,GA,30122-1762,USA,,,,,,,,,
1001303,AMY'S KITCHEN,2330 NORTHPOINT PKWY,SANTA ROSA,CA,95407-5004,USA,,,,,,,,,
1001304,AMY'S KITCHEN,441 W ANTELOPE RD,WHITE CITY,OR,97503-1089,USA,,,,,,,,,
1001305,COLLECTIONS ADONNA'S,201 MRCL STR PKWY SE,FORT WALTON BEACH,FL,32548-2818,USA,,,,,,,,,
1001306,COLLECTIONS ADONNA'S,114 PALAFOX PL,PENSACOLA,FL,32502-5630,USA,,,,,,,,,
1001307,BAKER'S PRIDE INC,2205 6TH AVE S,CLEAR LAKE,IA,50428-2644,USA,,,,,,,,,
1001309,SMALLCAKES - OLATHE,14150 W 119TH ST,OLATHE,KS,66062-6621,USA,,,,,,,,,
1001310,SMALLCAKES - LEES SU,880 NW BLUE PKWY,LEES SUMMIT,MO,64086-6039,USA,,,,,,,,,
1001311,SMALLCAKES - ATLANTA,2955 PEACHTREE RD NE,ATLANTA,GA,30305-2185,USA,,,,,,,,,
1001316,OMG DONUTS #2,1620 QUINTARD AVE,ANNISTON,AL,36201-3849,USA,,,,,,,,,
1001320,LA NUEVA AMERICA LLC,9299 FEDERAL BLVD,WESTMINSTER,CO,80031,USA,,,,,,,,,
1001327,DONUTS & MORE - LAUR,109 HILLCREST DR,LAURENS,SC,29360-2339,USA,,,,,,,,,
1001331,AA WHOLESOME BAKERY,668 N 44TH ST,PHOENIX,AZ,85008-6578,USA,,,,,,,,,
1001343,JAVA TIME DONUTS,7811 LAGUNA BLVD,ELK GROVE,CA,95758-7949,USA,,,,,,,,,
1001344,MOONDANCE,2405 ROBERTSON AVE,CINCINNATI,OH,45212-3410,USA,,,,,,,,,
1001345,DONUTS & MORE,109 HILLCREST DR,LAURENS,SC,29360-2339,USA,,,,,,,,,
1001346,DAYLIGHT DONUTS,427 N 2ND ST,BOONEVILLE,MS,38829-2031,USA,,,,,,,,,
1001347,DAYLIGHT DONUTS,1709 S BROAD ST,SCOTTSBORO,AL,35768-2612,USA,,,,,,,,,
1001348,K MAY DONUTS - DALTO,221 W CUYLER ST,DALTON,GA,30720-8210,USA,,,,,,,,,
1001349,SMALLCAKES BUCKHEAD,2955 PEACHTREE RD NE,ATLANTA,GA,30305-2185,USA,,,,,,,,,
1001350,DEPALO BAKERY,551 N POLK ST,PINEVILLE,NC,28134-6598,USA,,,,,,,,,
1001351,UNITED NATURAL FOODS,22150 GOLDENCREST DR,MORENO VALLEY,CA,92553-9117,USA,,,,,,,,,
1001352,MRS FIELDS COOKIES 5,1602 LAGUNA MEADOWS LN,HOUSTON,TX,77094-3020,USA,,,,,,,,,
1001356,SODEXO - MRS FIELDS,2000 CHURCH ST,NASHVILLE,TN,37236-0001,USA,,,,,,,,,
1001369,THE BAGEL BAKERY,12720 COLORADO BLVD,THORNTON,CO,80241-2823,USA,,,,,,,,,
1001370,THE BAGEL BAKERY,1850 E EGBERT ST,BRIGHTON,CO,80601-2483,USA,,,,,,,,,
1001372,YOU'S DIM SUM - STOC,937 STOCKTON ST,SAN FRANCISCO,CA,94108-1607,USA,,,,,,,,,
1001373,MRS FIELDS COOKIES 5,9301 TAMPA AVE,NORTHRIDGE,CA,91324-2591,USA,,,,,,,,,
1001374,MRS FIELDS COOKIES 5,2235 GLENDALE GALLERIA,GLENDALE,CA,91210-2201,USA,,,,,,,,,
1001376,DEWEYS BAKERY,3121 INDIANA AVE,WINSTON SALEM,NC,27105-4343,USA,,,,,,,,,
1001378,COUNTRY HOME BAKERY,20 LAKE ST N,FOREST LAKE,MN,55025-2523,USA,,,,,,,,,
1001380,A M DONUT,405 W HIGHWAY 90,DAYTON,TX,77535-2519,USA,,,,,,,,,
1001381,CAKES BY BONITA,1718 E ROCKFORD LN,LOUISVILLE,KY,40216-2640,USA,,,,,,,,,
1001382,ZOELSMANN'S BKY CLOS,912 E ABRIENDO AVE,PUEBLO,CO,81004-2598,USA,,,,,,,,,
1001383,VERNS DONUTS AND CAK,408 S 6TH ST,MANHATTAN,KS,66502-6219,USA,,,,,,,,,
1001384,CHEESECAKE ROYALE,9016 GARLAND RD,DALLAS,TX,75218-3919,USA,,,,,,,,,
1001386,COLLECTIONS CHERRY T,915 COLLEGE AVE,SOUTH HOUSTON,TX,77587-4217,USA,,,,,,,,,
1001387,COLLECTIONS CHRIS'S,3000 W 41ST ST,CHICAGO,IL,60632-2426,USA,,,,,,,,,
1001388,TITUS PASTRY SHOP,820 W SOUTH ST,LEBANON,IN,46052-2356,USA,,,,,,,,,
1001389,DONUTS ONE,9990 BLOOMINGTON AVE,BLOOMINGTON,CA,92316-2009,USA,,,,,,,,,
1001390,SPECIALTY BAKERS LLC,450 S STATE RD,MARYSVILLE,PA,17053-1009,USA,,,,,,,,,
1001391,AUNT MILLIE'S BAKERI,350 PEARL ST,FORT WAYNE,IN,46802-1508,USA,,,,,,,,,
1001393,AMY'S DONUTS,172 N SAM HOUSTON PKWY E,HOUSTON,TX,77060-1823,USA,,,,,,,,,
1001394,COLLECTIONS BLAIR BA,132 S 17TH ST,BLAIR,NE,68008-2038,USA,,,,,,,,,
1001395,GENERAL STORE OF OLD,57 OLD TPKE,OLDWICK,NJ,08858-7001,USA,,,,,,,,,
1001396,BREMNER BISCUIT CO,4600 JOLIET ST,DENVER,CO,80239-2922,USA,,,,,,,,,
1001398,DAYLIGHT DONUT,2315 1/2 2ND AVE,KEARNEY,NE,68847-5316,USA,,,,,,,,,
1001400,DONUT PALACE,1105 FM 1431,MARBLE FALLS,TX,78654-5006,USA,,,,,,,,,
1001401,DONUT PALACE,110 AUSTIANA HILLS DR,NAVASOTA,TX,77868-3302,USA,,,,,,,,,
1001404,COLLECTIONS PLAZA PA,39 FRANKLIN AVE,NUTLEY,NJ,07110-3224,USA,,,,,,,,,
1001405,COLLECTIONS PRINCESA,58 PULASKI ST,NEWARK,NJ,07105-2612,USA,,,,,,,,,
1001406,NEW YORK BAKERY,550 W SPRING ST,FRACKVILLE,PA,17931-1138,USA,,,,,,,,,
1001407,EL HORNITO BAKERY IN,13580 STATE HIGHWAY 249,HOUSTON,TX,77086-3132,USA,,,,,,,,,
1001408,SUNRISE DONUTS,1003 6TH AVE SE,ABERDEEN,SD,57401-4700,USA,,,,,,,,,
1001409,DIPPIN DONUTS,418 HIGHWAY 90 W,SEALY,TX,77474-3964,USA,,,,,,,,,
1001411,TOWN & COUNTRY BAKER,732 ATLANTIC CITY BLVD,BEACHWOOD,NJ,08722-4095,USA,,,,,,,,,
1001414,GUADALAJARA BAKERY,4003 WASHINGTON AVE,HOUSTON,TX,77007-5605,USA,,,,,,,,,
1001415,LA CENTRO AMERICANA,3303 W COMMERCE ST,SAN ANTONIO,TX,78207-3606,USA,,,,,,,,,
1001417,COLLECTIONS HAJI BAB,6845 W ELLSWORTH AVE,LAKEWOOD,CO,80226-2062,USA,,,,,,,,,
1001419,LONG JOHN DONUTS,60 E CROSSTIMBERS ST,HOUSTON,TX,77022-6217,USA,,,,,,,,,
1001421,BAGEL CHATEAU- WESTF,223 SOUTH AVE E,WESTFIELD,NJ,07090-1456,USA,,,,,,,,,
1001422,PAGE'S STORM LAKE,616 LAKE AVE,STORM LAKE,IA,50588-1852,USA,,,,,,,,,
1001423,WILLOW VALLEY BAKERY,100 WILLOW VALLEY LAKES DR,WILLOW STREET,PA,17584-9456,USA,,,,,,,,,
1001424,DESIGNER BAGELS EAST,692 OAK TREE AVE,SOUTH PLAINFIELD,NJ,07080-5122,USA,,,,,,,,,
1001426,S&S DONUTS,9599 JONES RD,HOUSTON,TX,77065-4800,USA,,,,,,,,,
1001428,SOUTHERN MAID - HWY,6311 HIGHWAY 6,MISSOURI CITY,TX,77459-4059,USA,,,,,,,,,
1001429,PILGRIM KITCHEN PIES,311 EL CAMINO REAL,BELMONT,CA,94002-2019,USA,,,,,,,,,
1001430,DAVISS DONUTS & DELI,1706 HIGHWAY 365,NEDERLAND,TX,77627-5501,USA,,,,,,,,,
1001431,BOSA DONUTS,852 DIVISION ST,GENEVA,IL,60134-3433,USA,,,,,,,,,
1001435,WINCHELLS DONUTS,6550 E EVANS AVE,DENVER,CO,80224-2324,USA,,,,,,,,,
1001436,O'HENRY'S DONUTS,500 VINEYARD TOWN CTR,MORGAN HILL,CA,95037-5630,USA,,,,,,,,,
1001438,GUADALAJARA BAKERY,4014 W ARMITAGE AVE,CHICAGO,IL,60639-3739,USA,,,,,,,,,
1001439,SWISS ALPS BAKERY,6607 MENAUL BLVD NE,ALBUQUERQUE,NM,87110-3405,USA,,,,,,,,,
1001441,COLLECTIONS LA FAMA,1751 W CHICAGO AVE,CHICAGO,IL,60622-5009,USA,,,,,,,,,
1001442,LA RANCHERITA,3811 MAIN ST,EAST CHICAGO,IN,46312-2316,USA,,,,,,,,,
1001443,ARTEMIOS BAKERY,1443 N MILWAUKEE AVE,CHICAGO,IL,60622-2015,USA,,,,,,,,,
1001444,LEE DONUT,124 PETERSON RD,LIBERTYVILLE,IL,60048-1004,USA,,,,,,,,,
1001445,NEW DELUXE BAKERY,10731 RIDGELAND AVE,CHICAGO RIDGE,IL,60415-2153,USA,,,,,,,,,
1001446,PASTAFRESH,3418 N HARLEM AVE,CHICAGO,IL,60634-3605,USA,,,,,,,,,
1001447,DOUGHNUT FACTORY,11916 S STRANG LINE RD,OLATHE,KS,66062-5267,USA,,,,,,,,,
1001449,COLLECTIONS TLC BAKE,3700 OSUNA RD NE,ALBUQUERQUE,NM,87109-4461,USA,,,,,,,,,
1001450,DONUT PALACE - PIONE,625 PIONEER RD,MESQUITE,TX,75149-5286,USA,,,,,,,,,
1001451,DONUT PALACE - SHILO,3611 14TH ST,PLANO,TX,75074-7161,USA,,,,,,,,,
1001452,GOLDEN STAR DONUT,7632 CAMPBELL RD,DALLAS,TX,75248-1727,USA,,,,,,,,,
1001453,COLLECTIONS YOUNG DO,19049 MARSH LN,DALLAS,TX,75287-2168,USA,,,,,,,,,
1001454,DONUT FIELD,1910 W EL CAMINO REAL,MOUNTAIN VIEW,CA,94040-2009,USA,,,,,,,,,
1001455,DONUT GALORE,3818 PECK RD,EL MONTE,CA,91732-2260,USA,,,,,,,,,
1001456,LORRAINE BAKERY,110 W BURBANK BLVD,BURBANK,CA,91502-1609,USA,,,,,,,,,
1001457,LIN'S BAKERY CAFE,123 N LINCOLN AVE,MONTEREY PARK,CA,91755-1710,USA,,,,,,,,,
1001458,COLLECTIONS ANITA'S,739 N MOUNT VERNON AVE,SAN BERNARDINO,CA,92411-3323,USA,,,,,,,,,
1001460,PALACE BAKERY,2708 N BROADWAY,LOS ANGELES,CA,90031-2610,USA,,,,,,,,,
1001461,COLLECTIONS UNITED B,727 S FLOWER ST,BURBANK,CA,91502-2014,USA,,,,,,,,,
1001463,COLLECTIONS BAKERY &,36601 NEWARK BLVD,NEWARK,CA,94560-3053,USA,,,,,,,,,
1001464,COLLECTIONS LEYVA'S,6527 EASTERN AVE,BELL GARDENS,CA,90201-3003,USA,,,,,,,,,
1001465,MARITA SWEET POTATO,600 DUTTON AVE,SAN LEANDRO,CA,94577-2068,USA,,,,,,,,,
1001466,OLD FASHION ITALIAN,4941 W MAGNOLIA ST,PHOENIX,AZ,85043-8110,USA,,,,,,,,,
1001468,HAPPY DONUT,1062 S DE ANZA BLVD,SAN JOSE,CA,95129-3556,USA,,,,,,,,,
1001469,RAINBOW DTS - THOMAS,5045 W THOMAS RD,PHOENIX,AZ,85031-4002,USA,,,,,,,,,
1001471,QUALITY BAKERY - LIG,217 S CAVIN ST,LIGONIER,IN,46767-1915,USA,,,,,,,,,
1001472,COPPER OVEN,5421 SW 21ST ST,TOPEKA,KS,66604-3645,USA,,,,,,,,,
1001473,COLLECTIONS DEL SOL,4846 S REDWOOD RD,TAYLORSVILLE,UT,84123-4226,USA,,,,,,,,,
1001474,CHILDRESS BAKERY,1001 AVENUE F NW,CHILDRESS,TX,79201-3519,USA,,,,,,,,,
1001475,YE OLDE ENGLISH BAKE,1401 S 31ST ST,TEMPLE,TX,76504-6718,USA,,,,,,,,,
1001476,MCCRACKIN STREET SWE,920 WESLEYAN DR,MACON,GA,31210-2208,USA,,,,,,,,,
1001479,COLLECTIONS THE BAKE,5353 DIXIE HWY,FAIRFIELD,OH,45014-4198,USA,,,,,,,,,
1001480,BANKRUPTCY 7 TIA MAR,4433 PLANTATION LN,NORCROSS,GA,30093-3359,USA,,,,,,,,,
1001482,DONUT PALACE,200 E COMMERCE ST,BROWNWOOD,TX,76801-1803,USA,,,,,,,,,
1001483,APPLE ANNIE'S BAKE,837 S KERR AVE,WILMINGTON,NC,28403-8427,USA,,,,,,,,,
1001486,JUANITA'S BAKERY,816 N BRIGHTLEAF BLVD,SMITHFIELD,NC,27577-4375,USA,,,,,,,,,
1001487,COLLECTIONS NICK'S D,2826 NICHOL AVE,ANDERSON,IN,46011-3142,USA,,,,,,,,,
1001488,DARLENE'S BAKERY,1321 2ND ST,HENDERSON,KY,42420-3393,USA,,,,,,,,,
1001489,COLLECTIONS GABY'S M,535 INDIAN TRAIL LILBURN RD NW,LILBURN,GA,30047-3723,USA,,,,,,,,,
1001491,REAL DONUTS,2100 E LAKE MEAD BLVD,NORTH LAS VEGAS,NV,89030-7133,USA,,,,,,,,,
1001492,COLLECTIONS RODRIGUE,1700 N 3RD ST,NYSSA,OR,97913-5192,USA,,,,,,,,,
1001494,THE BIG DONUT,3628 REDFERN DR,INDIANAPOLIS,IN,46237-1445,USA,,,,,,,,,
1001495,SWEET THINGS,1305 HART ST,VINCENNES,IN,47591-4631,USA,,,,,,,,,
1001496,BOLIN'S DONUT SHOP,1401 E BROADWAY,LOGANSPORT,IN,46947-3258,USA,,,,,,,,,
1001497,COLLECTIONS ALBINA'S,1022 LACEBARK CT,LAS VEGAS,NV,89123-0834,USA,,,,,,,,,
1001499,MRS FIELDS COOKIES 5,1101 WALNUT ST,KANSAS CITY,MO,64106-4200,USA,,,,,,,,,
1001501,MRS FIELDS COOKIES 5,3222 M ST NW SPC 127,WASHINGTON,DC,20007-3621,USA,,,,,,,,,
1001503,BRUEGGERS BAGEL BAKE,730 S JASON ST,DENVER,CO,80223-2832,USA,,,,,,,,,
1001504,RAYS DONUTS,3734 SAVIERS RD,OXNARD,CA,93033-6433,USA,,,,,,,,,
1001507,IL GIARDINO DEL DOLC,2859 N HARLEM AVE,CHICAGO,IL,60707-1638,USA,,,,,,,,,
1001510,COLLECTIONS SAN ANTO,12454 CENTRAL AVE,CHINO,CA,91710-2603,USA,,,,,,,,,
1001513,DETAILS & MORE,10510 BENTLEY ST,HOUSTON,TX,77093-4806,USA,,,,,,,,,
1001514,COLLECTIONS NEW JERS,792 COMMUNIPAW AVE,JERSEY CITY,NJ,07304-1708,USA,,,,,,,,,
1001516,COLLECTIONS EL REY B,2016 PACIFIC AVE,LONG BEACH,CA,90806-4610,USA,,,,,,,,,
1001517,PAT'S DONUTS & KOL,23736 HIGHWAY 59,PORTER,TX,77365-4634,USA,,,,,,,,,
1001518,CLASSIC COOKIES INC,362 BEINORIS DR,WOOD DALE,IL,60191-1223,USA,,,,,,,,,
1001521,SAINT GERMAIN BAKERY,14631 SW 104TH ST,MIAMI,FL,33186-2976,USA,,,,,,,,,
1001522,SOUTH BEND BAKERY,1709 FAIRBANK AMISH BLVD,INDEPENDENCE,IA,50644-9161,USA,,,,,,,,,
1001524,K MAY DONUTS & BAGEL,8495 W GRAND AVE,PEORIA,AZ,85345-8102,USA,,,,,,,,,
1001525,DONUT PALACE NEDERLA,1536 NEDERLAND AVE,NEDERLAND,TX,77627-4144,USA,,,,,,,,,
1001526,KALUPA'S BAKERY,2602 S MACDILL AVE,TAMPA,FL,33629-7220,USA,,,,,,,,,
1001527,COLLECTIONS DAWN DON,93 N TELEGRAPH RD,WATERFORD,MI,48328-3762,USA,,,,,,,,,
1001528,HOPE'S CHEESECAKE,210 E 20TH AVE,GULF SHORES,AL,36542-3162,USA,,,,,,,,,
1001529,CLASSIC DONUT,8409B HILLCROFT ST,HOUSTON,TX,77096-1015,USA,,,,,,,,,
1001530,CAROLINA FOODS INC,1807 S TRYON ST,CHARLOTTE,NC,28203-4471,USA,,,,,,,,,
1001531,BAMMY'S COOKIE DOUGH,1800 E LINCOLN AVE,FORT COLLINS,CO,80524-4766,USA,,,,,,,,,
1001532,LOS PINOS NUEVOS,3614 E 1ST ST,LOS ANGELES,CA,90063-2326,USA,,,,,,,,,
1001533,LISA MEDENBLIK,803 10TH ST,FULTON,IL,61252-1266,USA,,,,,,,,,
1001534,BANKRUPTCY 13 SCHMID,808 14TH ST SW,LOVELAND,CO,80537-6331,USA,,,,,,,,,
1001535,COLLECTIONS LA COLME,3174 W LINCOLN AVE,ANAHEIM,CA,92801-6085,USA,,,,,,,,,
1001536,COLLECTIONS THE BAKE,2081 TORRANCE BLVD,TORRANCE,CA,90501-2606,USA,,,,,,,,,
1001537,COLLECTIONS SUPER PA,777 N VIRGIL AVE,LOS ANGELES,CA,90029-3646,USA,,,,,,,,,
1001542,V J DONUTS,5770 FM 1960 RD E,HUMBLE,TX,77346-2730,USA,,,,,,,,,
1001543,HOUSE OF FINE CHOCOL,3109 N BROADWAY ST,CHICAGO,IL,60657-4591,USA,,,,,,,,,
1001544,GRACE DONUTS,1146 E SEMINARY DR,FORT WORTH,TX,76115-2830,USA,,,,,,,,,
1001546,SPARKLING DONUTS,15885 HIGHWAY 105 W,MONTGOMERY,TX,77356-5663,USA,,,,,,,,,
1001547,COLLECTIONS JAMAICA,565 W 27TH ST,HIALEAH,FL,33010-1321,USA,,,,,,,,,
1001549,MARTHA SUE'S COOKIES,9820 W 60TH AVE,ARVADA,CO,80004-4948,USA,,,,,,,,,
1001550,PARK DONUTS,1071 COUNTRY CLUB DR,MANSFIELD,TX,76063-2663,USA,,,,,,,,,
1001551,CARNICERIA MICHOACAN,400 E 159TH ST,HARVEY,IL,60426-5240,USA,,,,,,,,,
1001552,LA MADRILENA,7024 W GRAND AVE,CHICAGO,IL,60707-2106,USA,,,,,,,,,
1001553,ROLL N' DONUT,1315 DUNDEE AVE,ELGIN,IL,60120-2215,USA,,,,,,,,,
1001555,DONALD'S DONUT FM 52,17415 FM 529 RD,HOUSTON,TX,77095-1103,USA,,,,,,,,,
1001556,TORTILLERIA LAS DOS,6065 QUEBEC ST,COMMERCE CITY,CO,80022-4145,USA,,,,,,,,,
1001557,COLLECTIONS LA ADELI,1000 E WASHINGTON BLVD,LOS ANGELES,CA,90021-3070,USA,,,,,,,,,
1001560,FRESH DONUTS,1510 E AUSTIN ST 290,GIDDINGS,TX,78942-3512,USA,,,,,,,,,
1001561,LA DINATIA BAKERY,2717 N ARKANSAS AVE,LAREDO,TX,78043-1844,USA,,,,,,,,,
1001562,COLLECTIONS BAKE STA,6663 ORCHARD LAKE RD,WEST BLOOMFIELD,MI,48322-3404,USA,,,,,,,,,
1001563,CITY BAKERY,20 W AUGLAIZE ST,WAPAKONETA,OH,45895-1550,USA,,,,,,,,,
1001564,SWEET TOOTH CAKES &,6617 ALLEN RD,ALLEN PARK,MI,48101-2003,USA,,,,,,,,,
1001565,DOWNEY'S,4709 HIGHLAND RD,WATERFORD,MI,48328-1136,USA,,,,,,,,,
1001566,DONUT PALACE INC,2011 SOUTHFIELD RD,LINCOLN PARK,MI,48146-2249,USA,,,,,,,,,
1001567,PANADERIA CONTRERAS,3570 MORRISON RD,DENVER,CO,80219-2759,USA,,,,,,,,,
1001568,GOLD-N-CRUST,29200 RYAN RD,WARREN,MI,48092-4242,USA,,,,,,,,,
1001570,HOLLIE'S SWEETS,19373 BEECH DALY RD,REDFORD,MI,48240-1420,USA,,,,,,,,,
1001574,COLLECTIONS PARAMOUN,29790 LITTLE MACK AVE,ROSEVILLE,MI,48066-2256,USA,,,,,,,,,
1001575,GUADALAJARA #5,613 N SANBORN RD,SALINAS,CA,93905-1303,USA,,,,,,,,,
1001579,COLLECTIONS MILAN BA,1625 FREMONT ST,LAS VEGAS,NV,89101-5413,USA,,,,,,,,,
1001580,WINCHELLS DONUT,7930 SHERIDAN BLVD,ARVADA,CO,80003-6213,USA,,,,,,,,,
1001582,RANDOL DONUTS,1610 W RANDOL MILL RD,ARLINGTON,TX,76012-3119,USA,,,,,,,,,
1001584,BAGELMANIA,120 ESSEX ST,LODI,NJ,07644-2701,USA,,,,,,,,,
1001585,THE BAKERY LADY LLC,2035 HAPPY CREEK RD,SEYMOUR,TN,37865-5414,USA,,,,,,,,,
1001586,COLLECTIONS SING SIN,9600 BOLSA AVE,WESTMINSTER,CA,92683-5949,USA,,,,,,,,,
1001587,TIPTON BAKERY,405 CEDAR ST,TIPTON,IA,52772-1730,USA,,,,,,,,,
1001588,CHINATOWN CAKES,5948 PACIFIC BLVD,HUNTINGTON PARK,CA,90255-2929,USA,,,,,,,,,
1001589,SORRENTO BAKERY - PO,9721 US HIGHWAY 19,PORT RICHEY,FL,34668-7503,USA,,,,,,,,,
1001590,PIONEER DONUTS,8455 BOAT CLUB RD,FORT WORTH,TX,76179-3640,USA,,,,,,,,,
1001592,COUNTRY FRESH BAKERY,1924 S 10TH ST,BRAINERD,MN,56401-4468,USA,,,,,,,,,
1001593,COLLECTIONS VOGELSBE,105 N PARK ST,CARROLLTON,GA,30117-3028,USA,,,,,,,,,
1001597,UNIVERSITY BLVD CHUR,128 UNIVERSITY BLVD,WAYCROSS,GA,31503-6667,USA,,,,,,,,,
1001598,COWBOY KETTLE CORN L,278 N COLORADO AVE,LARAMIE,WY,82070-6153,USA,,,,,,,,,
1001599,REYNIER'S FRENCH BAK,2156 W NORTHWEST HWY,DALLAS,TX,75220-4221,USA,,,,,,,,,
1001600,DONUT PALACE - N BEA,6633 N BEACH ST,FORT WORTH,TX,76137-1802,USA,,,,,,,,,
1001602,DONUT PALACE - NACOG,5105 NORTH ST,NACOGDOCHES,TX,75965-1319,USA,,,,,,,,,
1001603,RAMONA DONUTS,3959 WILSHIRE BLVD,LOS ANGELES,CA,90010-3315,USA,,,,,,,,,
1001604,DONUT STAR,2901 CLIFF RD E,BURNSVILLE,MN,55337-3303,USA,,,,,,,,,
1001615,COLLECTIONS NENA'S B,2316 CHICAGO RD,CHICAGO HEIGHTS,IL,60411-4158,USA,,,,,,,,,
1001617,FRESH DONUTS,10007 VALLEY BLVD,EL MONTE,CA,91731-1701,USA,,,,,,,,,
1001619,THE DONUT SHOP,1104 E LINCOLN AVE,SAPULPA,OK,74066-4627,USA,,,,,,,,,
1001621,WRIGHTS DONUTS,401 S BROADWAY ST,MARLOW,OK,73055-3029,USA,,,,,,,,,
1001622,JOHNNIE'S SWEET CREA,8419 S WESTERN AVE,OKLAHOMA CITY,OK,73139-9228,USA,,,,,,,,,
1001623,COLLECTIONS FANDANGO,508 N HIGHWAY 81,DUNCAN,OK,73533-2312,USA,,,,,,,,,
1001624,MASTERPIECE CAKES BY,4407 SHADY LN,WICHITA FALLS,TX,76309-1404,USA,,,,,,,,,
1001626,REYNA BAKERY - CAMPB,3602 CAMPBELL RD,HOUSTON,TX,77080-1317,USA,,,,,,,,,
1001627,BEST DONUTS,4009 OLD DENTON RD,CARROLLTON,TX,75007-1000,USA,,,,,,,,,
1001629,BEST DONUTS,12201 RENDON RD,BURLESON,TX,76028-3086,USA,,,,,,,,,
1001630,MARY'S HOMEMADE PIES,831 B ST NW,MIAMI,OK,74354-4608,USA,,,,,,,,,
1001631,ANNIES EURO AMERICAN,150 NATIONAL PL,LONGWOOD,FL,32750-6431,USA,,,,,,,,,
1001634,DETROIT DONUT - AMOC,20705 E 13 MILE RD,ROSEVILLE,MI,48066-4580,USA,,,,,,,,,
1001635,EL AMIGO,100 E OAK ST,YANTIS,TX,75497-3192,USA,,,,,,,,,
1001636,COMMERCIAL REPAIR SP,1575 S 38TH ST,MILWAUKEE,WI,53215-1717,USA,,,,,,,,,
1001638,COLLECTIONS TRADICIO,5937 NEUSE WOOD DR,RALEIGH,NC,27616-7900,USA,,,,,,,,,
1001639,MARQUEZ BAKERY,1730 E DIVISION ST,ARLINGTON,TX,76011-6237,USA,,,,,,,,,
1001640,JERSEY BOY BAGELS,16 SOUTH ST,MORRISTOWN,NJ,07960-9515,USA,,,,,,,,,
1001641,CAROL'S DONUTS,13805 STATE ROUTE 107,MONTPELIER,OH,43543-9331,USA,,,,,,,,,
1001642,DONUT PLACE,1151 N JUPITER RD,RICHARDSON,TX,75081-3172,USA,,,,,,,,,
1001644,DREAM FLUFF DONUTS,2637 ASHBY AVE,BERKELEY,CA,94705-2229,USA,,,,,,,,,
1001645,GUANAJUATO #2,1219 W 149TH ST FRNT BUILDING,EAST CHICAGO,IN,46312-3422,USA,,,,,,,,,
1001646,COLLECTIONS DANE'S B,6494 BROADWAY,SACRAMENTO,CA,95820-2051,USA,,,,,,,,,
1001647,MRS FIELDS COOKIES 5,13816 93RD PL N,MAPLE GROVE,MN,55369-9389,USA,,,,,,,,,
1001648,DONUT PALACE,1019 W COMMERCE ST,BUFFALO,TX,75831-7709,USA,,,,,,,,,
1001649,KAUFMAN DONUTS,15 OAK CREEK DR,KAUFMAN,TX,75142-3011,USA,,,,,,,,,
1001651,COLLECTIONS KIWI BAK,8963 W 2700 S,MAGNA,UT,84044-1148,USA,,,,,,,,,
1001652,SUN DONUTS,4610 WESTERN CTR BLVD,HALTOM CITY,TX,76137-2630,USA,,,,,,,,,
1001655,THE BAKE SHOP,137 N MERIDIAN ST,BELLE PLAINE,MN,56011-1825,USA,,,,,,,,,
1001656,QUEEN'S DONUTS,1108 W SAINT MARYS RD,TUCSON,AZ,85745-2436,USA,,,,,,,,,
1001657,PIE IN A BOTTLE,2106 LANCASHIRE AVE,LOUISVILLE,KY,40205-2940,USA,,,,,,,,,
1001658,COLLECTIONS PANE D'I,2004 UTOPIA PKWY,WHITESTONE,NY,11357-4134,USA,,,,,,,,,
1001659,TAMALES IMPERIAL CO,2543 GESSNER RD,HOUSTON,TX,77080-3801,USA,,,,,,,,,
1001661,ADA VALLEY MEAT CO,6210 FULTON ST E,ADA,MI,49301-9114,USA,,,,,,,,,
1001664,SUNSHINE DONUT - FT,5650 MEADOWBROOK DR,FORT WORTH,TX,76112-4959,USA,,,,,,,,,
1001665,SNOWFLAKE DONUTS - E,1003 DELTA ST APT 24,EAST BERNARD,TX,77435-7485,USA,,,,,,,,,
1001666,DONUT EXPRESS,1353 W ROSECRANS AVE,GARDENA,CA,90247-2473,USA,,,,,,,,,
1001668,SUTTON'S BAKERY,515 N MAIN ST,CLOVIS,NM,88101-6654,USA,,,,,,,,,
1001669,RIVER CITY DONUTS,8578 RESEARCH BLVD,AUSTIN,TX,78758-7851,USA,,,,,,,,,
1001670,COLLECTIONS SAN MARC,2215 W BURBANK BLVD,BURBANK,CA,91506-1233,USA,,,,,,,,,
1001671,BREAD WORKSHOP,1250 ADDISON ST,BERKELEY,CA,94702-1782,USA,,,,,,,,,
1001672,BAKERY KOREANA,18325 COLIMA RD,ROWLAND HEIGHTS,CA,91748-2762,USA,,,,,,,,,
1001675,STORY DONUTS,3741 N STORY RD,IRVING,TX,75062-3442,USA,,,,,,,,,
1001677,BAKERS DOZEN,216 E RUSK ST,ROCKWALL,TX,75087-3723,USA,,,,,,,,,
1001679,SPUDNUTS - AMARILLO,312 S MCMASTERS ST,AMARILLO,TX,79106-6885,USA,,,,,,,,,
1001680,COLLECTIONS LA CHINA,809 N HILL ST,LOS ANGELES,CA,90012-2394,USA,,,,,,,,,
1001681,MRS FIELDS COOKIES 5,2101 SANTA ROSA PLZ,SANTA ROSA,CA,95401-6304,USA,,,,,,,,,
1001682,COLLECTIONS AUNT BUT,6903 13TH AVE,BROOKLYN,NY,11228-1601,USA,,,,,,,,,
1001683,SOUTHERN MAID DTS -,6702 DALROCK RD,ROWLETT,TX,75089-2662,USA,,,,,,,,,
1001684,RAY'S DONUTS,3654 S CAMPBELL AVE,SPRINGFIELD,MO,65807-5202,USA,,,,,,,,,
1001685,MORNING STAR FARM BA,7050 WHITLOCK RD,PARIS,TN,38242-6844,USA,,,,,,,,,
1001687,COUNTRY BAKERY & CAF,8051 SAN MIGUEL CANYON RD,PRUNEDALE,CA,93907-1244,USA,,,,,,,,,
1001688,DONUTS & MORE,15107 WILLIS RD,CALDWELL,ID,83607-7896,USA,,,,,,,,,
1001689,LEHI ROLLER MILLS,833 E MAIN ST,LEHI,UT,84043-2286,USA,,,,,,,,,
1001690,LEE'S DONUTS & CAFE,501 S FM 156,JUSTIN,TX,76247-4601,USA,,,,,,,,,
1001691,PLEASANTON BRICK OVE,10040 ALKIRE RD,BEAR LAKE,MI,49614-9206,USA,,,,,,,,,
1001692,BO BO DELIGHT,910 W MARSHALL DR,GRAND PRAIRIE,TX,75051-2835,USA,,,,,,,,,
1001693,COLLECTIONS J'S PAST,2014 N 12TH AVE,PENSACOLA,FL,32503-5303,USA,,,,,,,,,
1001694,SOUTHERN MAID - FRY,2501 N FRY RD,KATY,TX,77449-6367,USA,,,,,,,,,
1001696,KISS DONUTS,4701 N GALLOWAY AVE,MESQUITE,TX,75150-7533,USA,,,,,,,,,
1001697,MRS FIELDS COOKIES 5,2124 N FLAMINGO RD,PEMBROKE PINES,FL,33028-3501,USA,,,,,,,,,
1001699,RITA'S BAKERY,4018 43RD ST,SAN DIEGO,CA,92105-1511,USA,,,,,,,,,
1001700,ESPO'S GELATOS,2967 XENIA ST,DENVER,CO,80238-2671,USA,,,,,,,,,
1001701,MURRAY'S DONUTS,627 BULTMAN DR,SUMTER,SC,29150-2514,USA,,,,,,,,,
1001705,JP DONUTS & COFFEE,7225 BOULEVARD 26,N RICHLAND HILLS,TX,76180-8605,USA,,,,,,,,,
1001707,DONUT EXPRESS,2901 W FM 544,WYLIE,TX,75098-7052,USA,,,,,,,,,
1001708,GREAT HARVEST BREAD,128 E LANCASTER AVE,WAYNE,PA,19087-4177,USA,,,,,,,,,
1001710,SOUTHERN MAID DONUTS,8325 BROADWAY ST,PEARLAND,TX,77581-5773,USA,,,,,,,,,
1001713,COLLECTIONS GREAT HA,1225 S HURSTBOURNE PKWY,LOUISVILLE,KY,40222-5705,USA,,,,,,,,,
1001714,CD - TABCO PRODUCTS,940 W 100 S,SALT LAKE CITY,UT,84104-1108,USA,,,,,,,,,
1001715,COLLECTIONS TEENA'S,1568 RALPH AVE,BROOKLYN,NY,11236-3129,USA,,,,,,,,,
1001718,BUTLER CENTER BAKESH,22372 245TH ST,ALLISON,IA,50602-9566,USA,,,,,,,,,
1001720,LA CRIOLLA INC,880 IND TRL LIL RD NW,LILBURN,GA,30047-6844,USA,,,,,,,,,
1001721,CHARLOTTE DOMINY,620 LAUREL BRANCH CHURCH RD,MC INTYRE,GA,31054-2447,USA,,,,,,,,,
1001722,LAMAR'S DONUTS #38,2519 S SHIELDS ST  138,FORT COLLINS,CO,80526-1855,USA,,,,,,,,,
1001723,MALEK'S BRIGHTON BAK,1795 MONROE AVE,ROCHESTER,NY,14618-1841,USA,,,,,,,,,
1001724,DOUGHNUT PLANT,379 GRAND ST,NEW YORK,NY,10002-3951,USA,,,,,,,,,
1001726,PANADERIA GUATEMALTE,2204 SHORTER AVE NW,ROME,GA,30165-2036,USA,,,,,,,,,
1001727,COLLECTIONS PUMPERNI,2059 CLINTON ST,BUFFALO,NY,14206-3313,USA,,,,,,,,,
1001728,SARAI BAKERY,2326 E THOUSAND OAKS BLVD,THOUSAND OAKS,CA,91362-3206,USA,,,,,,,,,
1001729,ORIGINAL JUAN SPECIA,111 SOUTHWEST BLVD,KANSAS CITY,KS,66103-2132,USA,,,,,,,,,
1001730,KIMCO EQUIPMENT,2204 HINTON DR  101,IRVING,TX,75061-5631,USA,,,,,,,,,
1001731,STOP IN DONUTS,16851 VICTORY BLVD,VAN NUYS,CA,91406-5560,USA,,,,,,,,,
1001732,COLLECTIONS LA BOULA,8109 FRUITRIDGE RD,SACRAMENTO,CA,95820-6750,USA,,,,,,,,,
1001733,MANNA DONUTS & DELI,4150 ELDORADO PKWY,MCKINNEY,TX,75070-4531,USA,,,,,,,,,
1001734,BEST DONUTS & KOLACH,7895 W TIDWELL RD,HOUSTON,TX,77040-5865,USA,,,,,,,,,
1001735,DONUT PALACE - WESTE,3300 WESTERN CENTER BLVD,FORT WORTH,TX,76137-3104,USA,,,,,,,,,
1001736,COLLECTIONS MERRY'S,110 BREEZY VIEW LN,STROUDSBURG,PA,18360-7564,USA,,,,,,,,,
1001737,PALM SPRINGS BAKERY,8125 W 8TH AVE,HIALEAH,FL,33014-3529,USA,,,,,,,,,
1001738,LA ROSITA BAKERY,4450 S KEDZIE AVE,CHICAGO,IL,60632-2815,USA,,,,,,,,,
1001739,IL FORNAIO ACCADEMIA,1415 N CAROLAN AVE,BURLINGAME,CA,94010-2403,USA,,,,,,,,,
1001740,COLLECTIONS TETY'S B,6676 LONG BEACH BLVD,LONG BEACH,CA,90805-2056,USA,,,,,,,,,
1001742,EAGLE DONUTS 2,967 WINSCOTT RD,BENBROOK,TX,76126-2722,USA,,,,,,,,,
1001744,CITY DONUTS - WEST R,10100 WEST RD,HOUSTON,TX,77064-6305,USA,,,,,,,,,
1001745,MRS FIELDS COOKIES 5,3111 W CHANDLER BLVD,CHANDLER,AZ,85226-5084,USA,,,,,,,,,
1001746,COLLECTIONS LAS BRAZ,839 BUTTERWORTH ST SW,GRAND RAPIDS,MI,49504-6480,USA,,,,,,,,,
1001747,TEXAS DONUTS,1208 HOLLIDAY ST,WICHITA FALLS,TX,76301-7103,USA,,,,,,,,,
1001748,COLLECTIONS DADD'S C,399 MAIN ST,LODI,NJ,07644-1854,USA,,,,,,,,,
1001749,BANKRUPTCY 7 MRS FIE,1061A WESTMINSTER MALL,WESTMINSTER,CA,92683-4935,USA,,,,,,,,,
1001750,BIG APPLE BAGEL,2395 SE OCEAN BLVD,STUART,FL,34996-3309,USA,,,,,,,,,
1001751,COLLECTIONS DOS AGUI,5945 WHITTIER BLVD,EAST LOS ANGELES,CA,90022-4324,USA,,,,,,,,,
1001752,NEW YORK BAGEL,7555 HAVERFORD AVE,PHILADELPHIA,PA,19151-2227,USA,,,,,,,,,
1001753,JUMBONO'S #1,796 E 220 N,SALEM,UT,84653-5538,USA,,,,,,,,,
1001754,THE FAMILY DONUTS,1608 E MAIN ST,ALLEN,TX,75002-4481,USA,,,,,,,,,
1001755,COLLECTIONS PANADERI,4015 BEVERLY BLVD,LOS ANGELES,CA,90004-3313,USA,,,,,,,,,
1001756,LA MEXICANA PANADERI,615 F ST,WASCO,CA,93280-2017,USA,,,,,,,,,
1001757,ON THE RISE INC,1007 W MAIN ST,BOZEMAN,MT,59715-3249,USA,,,,,,,,,
1001759,LA CABANA BAKERY,1977 S COBB DR SE,MARIETTA,GA,30060-0829,USA,,,,,,,,,
1001761,BIG D DONUT - ALLEN,2023 W MCDERMOTT DR,ALLEN,TX,75013-7062,USA,,,,,,,,,
1001762,DAYLIGHT DONUTS,1028 COMMERCIAL ST,EMPORIA,KS,66801-2919,USA,,,,,,,,,
1001764,DONUT DEPOT,106 E OVILLA RD,RED OAK,TX,75154-2480,USA,,,,,,,,,
1001765,YOUNG'S ORCHARDS LLC,2652 E TERRITORIAL RD,RIVES JUNCTION,MI,49277-9790,USA,,,,,,,,,
1001769,BERNIE'S DELIGHT,221 S 39TH ST,LOUISVILLE,KY,40212-2505,USA,,,,,,,,,
1001770,DONUT PALACE,499 10TH AVE E,SPRINGFIELD,TN,37172-2944,USA,,,,,,,,,
1001772,LAKESIDE SWEET SHOP,450 STATE HIGHWAY 78,LAVON,TX,75166-1263,USA,,,,,,,,,
1001774,BANKRUPTCY 11 COUNTR,611 8TH ST,GREELEY,CO,80631-4351,USA,,,,,,,,,
1001778,BUSY B'S BAKERY - IR,2812 N MACARTHUR BLVD,IRVING,TX,75062-4445,USA,,,,,,,,,
1001781,CAKE SALON BOSCO,1750 CORDOVA ST,LOS ANGELES,CA,90007-1129,USA,,,,,,,,,
1001783,RIVER CITY DONUTS -,6811 SAN PEDRO AVE,SAN ANTONIO,TX,78216-7202,USA,,,,,,,,,
1001786,WESTCO DONUTS #5,13065 W LAKE HOUSTON PKWY,HOUSTON,TX,77044-5388,USA,,,,,,,,,
1001787,FRESH DONUTS,560 WORKMAN MILL RD,LA PUENTE,CA,91746-2436,USA,,,,,,,,,
1001790,JERRY'S CHEESECAKES,1149 STATE ROUTE 131,MILFORD,OH,45150-2717,USA,,,,,,,,,
1001793,CREATIVE WEDDING CAK,2521 W COLORADO AVE,COLORADO SPRINGS,CO,80904-3018,USA,,,,,,,,,
1001794,COLLECTIONS DIVINE F,16752 MILLIKAN AVE,IRVINE,CA,92606-5010,USA,,,,,,,,,
1001796,EASTERN BAKERY,2927 W TOUHY AVE,CHICAGO,IL,60645-2937,USA,,,,,,,,,
1001797,TEXAS DONUT RANCH,202 E COURT ST,NEWTON,TX,75966-3217,USA,,,,,,,,,
1001799,URARTU COFFEE,119 N MARYLAND AVE,GLENDALE,CA,91206-4238,USA,,,,,,,,,
1001800,SHEILA B'S MICROWAVE,820 1ST AVE,MANSON,IA,50563-5000,USA,,,,,,,,,
1001801,MRS FIELDS COOKIES 5,23441 GOLDEN SPRINGS DR  473,DIAMOND BAR,CA,91765-2030,USA,,,,,,,,,
1001802,LEMMO'S ITALIAN SPEC,3101 PARK PLAZA DR,DES MOINES,IA,50315-2125,USA,,,,,,,,,
1001804,COLLECTIONS RUBIO'S,4972 W PICO BLVD,LOS ANGELES,CA,90019-4264,USA,,,,,,,,,
1001805,HUONG HUONG FOOD,9262 BOLSA AVE,WESTMINSTER,CA,92683-8905,USA,,,,,,,,,
1001807,ST HONOR BAKERY DYN,9600 BELLAIRE BLVD,HOUSTON,TX,77036-4534,USA,,,,,,,,,
1001808,COLLECTIONS KUPS & K,3360 HIGHWAY 76,HIAWASSEE,GA,30546-1523,USA,,,,,,,,,
1001809,PRESTIGE BAGEL & DEL,1200 STUYVESANT AVE,UNION,NJ,07083-3852,USA,,,,,,,,,
1001810,RAMIREZ'S,4936 LARKINS ST,DETROIT,MI,48210-2361,USA,,,,,,,,,
1001811,HOT BASKET BAKESHOP,9321 THORNTON RD,STOCKTON,CA,95209-1870,USA,,,,,,,,,
1001812,MERRY'S BAKERY,458 N HOLMES AVE,INDIANAPOLIS,IN,46222-3748,USA,,,,,,,,,
1001813,TOM'S DONUTS,818 E COLISEUM BLVD,FORT WAYNE,IN,46805-1222,USA,,,,,,,,,
1001814,MRS FIELDS COOKIES 5,8 ELLERY LN,BURLINGTON,MA,01803-1851,USA,,,,,,,,,
1001816,EDNER CORPORATION,1200 ZEPHYR AVE,HAYWARD,CA,94544-7937,USA,,,,,,,,,
1001817,YOCREAM INTERNATIONA,5858 NE 87TH AVE,PORTLAND,OR,97220-1312,USA,,,,,,,,,
1001818,PANADERIA EL REY,2810 S BUCKNER BLVD,DALLAS,TX,75227-6905,USA,,,,,,,,,
1001820,HAAS BAKING CO INC,9769 REAVIS PARK DR,SAINT LOUIS,MO,63123-5315,USA,,,,,,,,,
1001822,KOLACHE KITCHEN,5587 NW EXPRESSWAY,WARR ACRES,OK,73132-5230,USA,,,,,,,,,
1001824,BAKER'S DOZEN DONUTS,325 S MAIN ST,CORONA,CA,92882-2217,USA,,,,,,,,,
1001825,KIKI BAKERY,640 W VALLEY BLVD,ALHAMBRA,CA,91803-3229,USA,,,,,,,,,
1001826,MY DONUTS,8550 S HULEN ST,FORT WORTH,TX,76123-2741,USA,,,,,,,,,
1001827,COLLECTIONS HAPPY DO,1081 N MAIN ST,VIDOR,TX,77662-4339,USA,,,,,,,,,
1001828,COLLECTIONS EVAN'S B,700 TROY ST,DAYTON,OH,45404-1851,USA,,,,,,,,,
1001829,BILLY'S DONUTS,300 W STATE HIGHWAY 276,WEST TAWAKONI,TX,75474-2644,USA,,,,,,,,,
1001834,DH DOUGHNUT,3500 OVERLAND AVE,LOS ANGELES,CA,90034-5590,USA,,,,,,,,,
1001835,PAN PASTELERIA,6122 W CHARLESTON BLVD,LAS VEGAS,NV,89146-1127,USA,,,,,,,,,
1001836,DRAGA BOJER,21311 ANDERSON DR,MACOMB,MI,48044-1344,USA,,,,,,,,,
1001837,TODAY'S DONUTS - MAN,204 CIRCLE DR,MANY,LA,71449-3327,USA,,,,,,,,,
1001839,MAMA BEARS LLC,10110 BROOKS SCHOOL RD,FISHERS,IN,46037-9575,USA,,,,,,,,,
1001840,COLLECTIONS FLARAH'S,2815 BEAVER AVE,DES MOINES,IA,50310-4063,USA,,,,,,,,,
1001841,JUICE GARDEN,9755 ARROW RTE,RANCHO CUCAMONGA,CA,91730-3676,USA,,,,,,,,,
1001844,VALLEY DONUTS #1,851 5TH ST,GONZALES,CA,93926-9437,USA,,,,,,,,,
1001845,BANKRUPTCY 7 THE OLD,5513 LIVERPOOL RD,LAS VEGAS,NV,89107-3727,USA,,,,,,,,,
1001847,CELAYA BAKERY,1630 W SUNSET BLVD,LOS ANGELES,CA,90026-4227,USA,,,,,,,,,
1001848,SWEET TEMPTATIONS,6625 19TH ST,LUBBOCK,TX,79407-1301,USA,,,,,,,,,
1001850,DON PILO BAKERY,1418 N GLENBROOK DR,GARLAND,TX,75040-4685,USA,,,,,,,,,
1001851,BEST BAGELS IN TOWN,2613 HIGH POINT RD,GREENSBORO,NC,27403-3143,USA,,,,,,,,,
1001852,BAGELICIOUS,601 US HIGHWAY 206,HILLSBOROUGH,NJ,08844-1522,USA,,,,,,,,,
1001853,BAGEL CAFE,4001 FAR HILLS AVE,KETTERING,OH,45429-2413,USA,,,,,,,,,
1001854,NOOKY'S EROTIC BAKER,10140 S HIGHWAY 6,SUGAR LAND,TX,77498-4938,USA,,,,,,,,,
1001856,LAGNIAPPE,1525 W 79TH ST,CHICAGO,IL,60620-4108,USA,,,,,,,,,
1001859,COLLECTIONS VAN'S BA,860 E VALLEY BLVD,SAN GABRIEL,CA,91776-3642,USA,,,,,,,,,
1001860,DISCO LATINO #1,12104 VETERANS MEMORIAL DR,HOUSTON,TX,77067-1004,USA,,,,,,,,,
1001861,COLLECTIONS EL PUEBL,600 N WELLS AVE,RENO,NV,89512-3455,USA,,,,,,,,,
1001862,KRISTA TARBOX,4017 DONNELLY DR NW,MAPLE LAKE,MN,55358-3409,USA,,,,,,,,,
1001864,CAFE AROMA,225 W SILVER LAKE RD,FENTON,MI,48430-2605,USA,,,,,,,,,
1001869,COLLECTIONS STAHL'S,51005 WASHINGTON ST,NEW BALTIMORE,MI,48047-2158,USA,,,,,,,,,
1001871,MRS FIELDS COOKIES 5,1323 E SPRING VALLEY RD,RICHARDSON,TX,75081-5931,USA,,,,,,,,,
1001872,GIANCARLO'S BAKERY &,410 STATE ROUTE 10,LEDGEWOOD,NJ,07852-9658,USA,,,,,,,,,
1001873,DEL SOL BAKERY,445 1ST ST A,GILROY,CA,95020-5030,USA,,,,,,,,,
1001874,SARITA'S PANADERIA,9756 BAUMAN RD,HOUSTON,TX,77076-5138,USA,,,,,,,,,
1001875,KAREN BOSCH,943 BLUFF LAKE DR,ZEELAND,MI,49464-9144,USA,,,,,,,,,
1001876,COPPELIA BAKERY,10825 VENICE BLVD,LOS ANGELES,CA,90034-7103,USA,,,,,,,,,
1001877,LA CARIDAD BAKERY,4425 W HILLSBOROUGH AVE,TAMPA,FL,33614-5439,USA,,,,,,,,,
1001878,COLLECTIONS KALICO K,121 E MAIN ST,HOLDENVILLE,OK,74848-3207,USA,,,,,,,,,
1001880,LUPITA'S BAKERY,2761 E GAGE AVE,HUNTINGTON PARK,CA,90255-7213,USA,,,,,,,,,
1001882,SUPER DONUTS,408 CHURCH ST,SULPHUR SPRINGS,TX,75482-2608,USA,,,,,,,,,
1001883,DONUT PALACE,580 N US HIGHWAY 69,HUNTINGTON,TX,75949-8939,USA,,,,,,,,,
1001885,DAVIS DONUT HOUSE,652 W MAIN ST,FOREST CITY,NC,28043-2819,USA,,,,,,,,,
1001887,COLLECTIONS SWEET LI,7150 AIRPORT HWY,PENNSAUKEN,NJ,08109-4302,USA,,,,,,,,,
1001888,ROSE BAKERY,263 GENESEE ST,AUBURN,NY,13021-3280,USA,,,,,,,,,
1001889,COISAS DO BRASIL,6000 LAKE FRST DR NW,ATLANTA,GA,30328-3896,USA,,,,,,,,,
1001890,CYPRESS BAKING CORP,1267 BROADWAY AVE,SEASIDE,CA,93955-4925,USA,,,,,,,,,
1001891,MOON'S DONUTS,6901 MCCART AVE,FORT WORTH,TX,76133-6377,USA,,,,,,,,,
1001894,OISHII TOKYO,1555 VALWOOD PKWY,CARROLLTON,TX,75006-8400,USA,,,,,,,,,
1001895,HOWDY DONUTS,3267 BEE CAVE RD,AUSTIN,TX,78746-6773,USA,,,,,,,,,
1001896,SILVER SPOON CATERIN,114 N MAIN ST,DICKSON,TN,37055-1837,USA,,,,,,,,,
1001897,PROVIN GROUNDS COFFE,508 HARRISON AVE,LEADVILLE,CO,80461-3587,USA,,,,,,,,,
1001898,THE SWEET TOOTH,3110 FRANKFORT AVE,LOUISVILLE,KY,40206-2777,USA,,,,,,,,,
1001900,SHORTY'S CAKES,13177 SCHAVEY RD,DEWITT,MI,48820-9000,USA,,,,,,,,,
1001901,SHEILA'S CAKES,4522 APPLETON AVE,JACKSONVILLE,FL,32210-2032,USA,,,,,,,,,
1001903,AZTECA,417 NISSAN DR,SMYRNA,TN,37167-4303,USA,,,,,,,,,
1001905,NIGHTHAWK EXPRESS,611 POLYDOME DR,LITCHFIELD,MN,55355-5325,USA,,,,,,,,,
1001906,GERALD'S DONUTS,5745 S PENNSYLVANIA AVE,OKLAHOMA CITY,OK,73119-7016,USA,,,,,,,,,
1001911,COLLECTIONS CAKE HOU,5301 BEACH BLVD  110,BUENA PARK,CA,90621-1231,USA,,,,,,,,,
1001913,DONUT SUPREME,190 E TEXAS AVE,WASKOM,TX,75692-9328,USA,,,,,,,,,
1001914,CHARLES DONUTS-TIDWE,922 E TIDWELL RD,HOUSTON,TX,77022-1826,USA,,,,,,,,,
1001915,COLLECTIONS DONUTS P,1345 W MCDOWELL RD,PHOENIX,AZ,85007-1749,USA,,,,,,,,,
1001916,D&L PIES AND CHEESE,12948 CROFTSHIRE DR,GRAND BLANC,MI,48439-1546,USA,,,,,,,,,
1001917,MAX DONUTS - LA GRAN,240 E TRAVIS ST,LA GRANGE,TX,78945-2617,USA,,,,,,,,,
1001918,FANTASIES IN FROSTIN,207 17TH ST S,MOORHEAD,MN,56560-3046,USA,,,,,,,,,
1001919,PANADERIA PASTERLERI,1917 DREW ST,CLEARWATER,FL,33765-3024,USA,,,,,,,,,
1001920,YEREVAN DELI & BAKER,11121 SHERMAN WAY,SUN VALLEY,CA,91352-4932,USA,,,,,,,,,
1001921,LA GUADALUPANA BAKER,2728 SUMMERS ST NW,KENNESAW,GA,30144-3506,USA,,,,,,,,,
1001924,FLUFFY DONUTS - KATY,6078 N FRY RD,KATY,TX,77449-1806,USA,,,,,,,,,
1001925,COLLECTIONS HONEY BE,9445 1/2 LAS TUNAS DR,TEMPLE CITY,CA,91780-2100,USA,,,,,,,,,
1001928,SAMSOON YI BAKERY,14551 RED HILL AVE,TUSTIN,CA,92780-6238,USA,,,,,,,,,
1001929,DONUT PALACE,100 E END BLVD S,MARSHALL,TX,75670-5602,USA,,,,,,,,,
1001930,COLLECTIONS LAS 3 MI,14522 ARCHWOOD ST,VAN NUYS,CA,91405-4601,USA,,,,,,,,,
1001932,MRS FIELDS COOKIES 5,536 WRITERS WAY,MORRISVILLE,NC,27560-5777,USA,,,,,,,,,
1001933,ASHER'S APRON,112 MARINA DR,LACON,IL,61540-8900,USA,,,,,,,,,
1001935,COLLECTIONS DESERT B,4255 DEAN MARTIN DR,LAS VEGAS,NV,89103-4161,USA,,,,,,,,,
1001937,THE BAKE-ARY,401 N 4TH ST,BURLINGTON,KS,66839-1401,USA,,,,,,,,,
1001939,COLLECTIONS THE WRIG,1624 SW 11TH ST,LAWTON,OK,73501-7326,USA,,,,,,,,,
1001940,JEREZ BAKERY,5811 SAINT CHARLES RD,BERKELEY,IL,60163-1031,USA,,,,,,,,,
1001941,RILEY'S DONUTS #4 -,2407 W PARKWOOD AVE,FRIENDSWOOD,TX,77546-8945,USA,,,,,,,,,
1001942,MRS FIELDS COOKIES 5,865 COMSTOCK AVE APT 11E,LOS ANGELES,CA,90024-2585,USA,,,,,,,,,
1001944,SWEET INSPIRATION,2239 MARKET ST,SAN FRANCISCO,CA,94114-1612,USA,,,,,,,,,
1001945,LL BAKERY INC,19426 NORMANDIE AVE,TORRANCE,CA,90502-1013,USA,,,,,,,,,
1001946,GODINO'S BAKERY LLC,1007 NC HIGHWAY 150 W STE A,SUMMERFIELD,NC,27358-7925,USA,,,,,,,,,
1001947,BECHLER & ASSOCIATES,120 JAMES ST,PIGEON,MI,48755-5124,USA,,,,,,,,,
1001948,DALE'S CHEESECAKE SH,8572 SILVER LAKE RD,LINDEN,MI,48451-8302,USA,,,,,,,,,
1001949,COLLECTIONS AWREY BA,12301 FARMINGTON RD,LIVONIA,MI,48150-1747,USA,,,,,,,,,
1001950,AZTECA BAKERY,846 E 6TH ST,BEAUMONT,CA,92223-2339,USA,,,,,,,,,
1001952,BUTTERFLY CAKES,216 CALIFORNIA DR,BURLINGAME,CA,94010-4113,USA,,,,,,,,,
1001954,COLLECTIONS SWEET BA,5435 CLAYTON RD,CLAYTON,CA,94517-1075,USA,,,,,,,,,
1001955,BASQUE BOULANGERIE,460 1ST ST E,SONOMA,CA,95476-6702,USA,,,,,,,,,
1001957,LA CASA DE LOS PASTE,3565 ORCHARD AVE,OGDEN,UT,84403-1016,USA,,,,,,,,,
1001958,R BAKERY,1231 28TH ST SW,WYOMING,MI,49509-2701,USA,,,,,,,,,
1001959,STONE GATE DONUTS,11808 BARKER CYPRESS RD,CYPRESS,TX,77433-2291,USA,,,,,,,,,
1001960,WESTERN DONUTS,3349 WESTERN CTR BLVD,FORT WORTH,TX,76137-7132,USA,,,,,,,,,
1001961,M&M DONUTS #3 - LLAN,800 BESSEMER AVE,LLANO,TX,78643-1622,USA,,,,,,,,,
1001962,SWEET BREAD BY GRAND,6620 GATEWAY AVE,SARASOTA,FL,34231-5806,USA,,,,,,,,,
1001963,DONUTS DELIGHT #2,6309 BARKER CYPRESS RD C,HOUSTON,TX,77084-1625,USA,,,,,,,,,
1001964,ADELA'S BAKERY,918 RANDOLPH ST,THOMASVILLE,NC,27360-5891,USA,,,,,,,,,
1001965,PANADERIA ESTRELLA,1551 W MISSION RD,SAN MARCOS,CA,92069-1257,USA,,,,,,,,,
1001966,LA RUBY BAKERY,205 RUBY ST,JOLIET,IL,60435-6224,USA,,,,,,,,,
1001967,B&L BAGELS,512 MAIN ST,RAPID CITY,SD,57701-2739,USA,,,,,,,,,
1001968,PASTELANDIA BAKERY,2192 W LAKE ST,HANOVER PARK,IL,60133-7000,USA,,,,,,,,,
1001969,CAKES FROM SCRATCH L,15065 OAK KNOLL CT,STERLING HEIGHTS,MI,48312-5779,USA,,,,,,,,,
1001971,SUZETTE CANDIES LLC,2837 INGERSOLL AVE,DES MOINES,IA,50312-4012,USA,,,,,,,,,
1001972,WILLOW DONUTS,211 N SAGINAW BLVD,SAGINAW,TX,76179-1335,USA,,,,,,,,,
1001975,TRACY BAKERY INC,198 3RD ST,TRACY,MN,56175-1212,USA,,,,,,,,,
1001976,DONUT PALACE - N CAN,19919 FM 1485 RD,NEW CANEY,TX,77357-7311,USA,,,,,,,,,
1001978,BANKRUPTCY 7 MIDERA,405 TEBEAU ST,WAYCROSS,GA,31501-3651,USA,,,,,,,,,
1001979,DONUT PALACE,12701 W STATE HIGHWAY 29,LIBERTY HILL,TX,78642-6348,USA,,,,,,,,,
1001981,PANADERIA PASTELERIA,800 S MAIN ST,HIGH POINT,NC,27260-7588,USA,,,,,,,,,
1001982,PANADERIA CASILLAS,9664 HARRIS CIR,DENVER,CO,80229-2456,USA,,,,,,,,,
1001983,FRESH & BEST DONUTS,2602 AVENUE H,ROSENBERG,TX,77471-3604,USA,,,,,,,,,
1001984,COLLECTIONS ANNE'S D,3722 AIRPORT BLVD NW,WILSON,NC,27896-7307,USA,,,,,,,,,
1001988,NEW YORK DONUT,2020 MANSFIELD WEBB RD,ARLINGTON,TX,76002-3835,USA,,,,,,,,,
1001989,BANKRUPTCY 7 MRS FIE,6081 SUNRISE MALL,CITRUS HEIGHTS,CA,95610-6903,USA,,,,,,,,,
1001990,FRESH & BEST DON,5214 BELLAIRE BLVD,BELLAIRE,TX,77401-3902,USA,,,,,,,,,
1001991,STAR BAKERY,1372 3RD AVE,CHULA VISTA,CA,91911-4303,USA,,,,,,,,,
1001992,SANDRA'S DONUTS,5128 FM 1960 RD W,HOUSTON,TX,77069-4505,USA,,,,,,,,,
1001993,WORLD BAGEL,217 CLARKSVILLE RD,WEST WINDSOR,NJ,08550-5375,USA,,,,,,,,,
1001994,ABUELITA PANADERIA,3701 W NORTHWEST HWY,DALLAS,TX,75220-4900,USA,,,,,,,,,
1001995,SOUTHERN MAID DONUTS,14315 CYPRESS ROSEHILL RD,CYPRESS,TX,77429-1013,USA,,,,,,,,,
1001997,J&J DONUT SHOP,1661 WOODARD AVE APT 120,CLEBURNE,TX,76033-7054,USA,,,,,,,,,
1001999,THE DONUT STOP,704 N ELLIS ST,GROESBECK,TX,76642-2101,USA,,,,,,,,,
1002000,MR BAKERY INC,3158 W 76TH ST,HIALEAH,FL,33018-3886,USA,,,,,,,,,
1002001,ROCKY MOUNTAIN CHOCO,15804 CEDAR ST,OVERLAND PARK,KS,66224-3875,USA,,,,,,,,,
1002004,SOUTHERN MAID - LAKE,145 OYSTER CREEK DR  1,LAKE JACKSON,TX,77566-4197,USA,,,,,,,,,
1002005,IT TAKES THE CAKE,10902 GREENBRIER RD,MINNETONKA,MN,55305-3474,USA,,,,,,,,,
1002006,MORE THAN BAGELS INC,2410 RING RD,ELIZABETHTOWN,KY,42701-7994,USA,,,,,,,,,
1002007,NIKOLAS BAKERY,8301 GRAND AVE S,BLOOMINGTON,MN,55420-2268,USA,,,,,,,,,
1002008,MS BAGEL,3585 US HIGHWAY 9,FREEHOLD,NJ,07728-2672,USA,,,,,,,,,
1002009,WS GROUP INC,1043 E MAIN ST,ALHAMBRA,CA,91801-4110,USA,,,,,,,,,
1002010,BAIZ BAKERY,23838 JOY RD,REDFORD,MI,48239-1212,USA,,,,,,,,,
1002014,DELICIOUS DONUTS,34916 NEWARK BLVD,NEWARK,CA,94560-1216,USA,,,,,,,,,
1002015,COLLECTIONS MAIN STR,305 S MAIN ST,ANDERSON,SC,29624-1622,USA,,,,,,,,,
1002016,HENDRIX BAKERY,2334 S COUNTY ROAD 1000 W,FRENCH LICK,IN,47432-9342,USA,,,,,,,,,
1002017,BOONVILLE DAIRY QUEE,410 E ASHLEY RD,BOONVILLE,MO,65233-1674,USA,,,,,,,,,
1002018,QUEEN DONUTS,1201 E JULIAN ST,SAN JOSE,CA,95116-1032,USA,,,,,,,,,
1002020,LA MEJOR BAKERY,3204 WHITE HORSE RD,GREENVILLE,SC,29611-5916,USA,,,,,,,,,
1002021,DO DAHS DONUTS,169 STONEBROOK PL,JACKSON,TN,38305-0603,USA,,,,,,,,,
1002024,JNH DONUT,4880 SUNNYVALE ST,DALLAS,TX,75216-7521,USA,,,,,,,,,
1002026,VERONICA'S BAKERY,22035 MAIN ST,CARSON,CA,90745-7567,USA,,,,,,,,,
1002027,NEW YORK BAGELS - 2N,221 S 2ND ST,RICHMOND,CA,94804-2111,USA,,,,,,,,,
1002028,THE CAKE COMPANY,1502 5TH AVE,CANYON,TX,79015-3830,USA,,,,,,,,,
1002029,KAMP DELS,14842 SAKATAH LAKE RD,WATERVILLE,MN,56096-4219,USA,,,,,,,,,
1002030,VICKY BAKERY IX,12300 SW 127TH AVE,MIAMI,FL,33186-6579,USA,,,,,,,,,
1002031,BAYOU CITY DONUTS,824 PASADENA BLVD,PASADENA,TX,77506-5337,USA,,,,,,,,,
1002032,NANCY'S CAKE DESIGNS,6969 GULF FWY,HOUSTON,TX,77087-2587,USA,,,,,,,,,
1002033,DONALD DONUTS - MERC,918 MERCURY DR,HOUSTON,TX,77029-2039,USA,,,,,,,,,
1002036,ASHLEY'S DONUTS & BA,1874 MOON VALLEY CT,MORGANTON,NC,28655-9549,USA,,,,,,,,,
1002040,DAYLIGHT DONUTS,4248 BOONVILLE RD,BRYAN,TX,77802-3674,USA,,,,,,,,,
1002041,DILLON DONUTS,11503 EAGLE DR,BAYTOWN,TX,77523-7652,USA,,,,,,,,,
1002042,HAPPY HOWIES INC,15510 DALE ST,DETROIT,MI,48223-1038,USA,,,,,,,,,
1002047,MARTINEZ BAKERY,101 W TIPTON ST,SEYMOUR,IN,47274-2375,USA,,,,,,,,,
1002049,JERSEY SHORE CPL INC,301C COMMERCE DR,FREEHOLD,NJ,07728-9383,USA,,,,,,,,,
1002050,PRESTON FARMS,3055 W BRADFORD RD NE,PALMYRA,IN,47164-7935,USA,,,,,,,,,
1002051,MEX-MIX INGREDIENTS,11010 KATY FWY,HOUSTON,TX,77043-4714,USA,,,,,,,,,
1002052,ROD'S BIG SKY BAKERY,1606 29TH ST,CODY,WY,82414-9732,USA,,,,,,,,,
1002053,HOT N CREAMY DONUTS,1546 ROWLETT RD,GARLAND,TX,75043-1978,USA,,,,,,,,,
1002056,CAKES COOKIES & MORE,200 MADISON AVE,FINDLAY,OH,45840-3723,USA,,,,,,,,,
1002057,WEST WINDS BAKERY,205 E BUFFALO ST,RAWLINS,WY,82301-5707,USA,,,,,,,,,
1002058,BANKRUPTCY 7 NELSON',545 3RD AVE SE,PINE CITY,MN,55063-1508,USA,,,,,,,,,
1002059,DONUT TIME - DEER PA,902 W PASADENA BLVD,DEER PARK,TX,77536-5751,USA,,,,,,,,,
1002060,HOONAM DONUTS,1504 W UNIVERSITY DR,MC KINNEY,TX,75069-3441,USA,,,,,,,,,
1002061,GOOD MORNING DONUTS,416 W 8TH ST,POST,TX,79356-3114,USA,,,,,,,,,
1002062,BERTOLOTTI LLC,54 INDUSTRIAL AVE,FAIRVIEW,NJ,07022-1605,USA,,,,,,,,,
1002063,VILLA DOLCE BAKERY,12 CHESTNUT RIDGE RD,MONTVALE,NJ,07645-1802,USA,,,,,,,,,
1002064,SENOR MURPHY,1904 CHAMISA ST,SANTA FE,NM,87505-3440,USA,,,,,,,,,
1002066,EL MANA BAKERY,2168 FOUNTAIN SQ,SNELLVILLE,GA,30078-3196,USA,,,,,,,,,
1002067,THE CUPCAKE STATION,136 N OLD WOODWARD AVE,BIRMINGHAM,MI,48009-3371,USA,,,,,,,,,
1002068,DUNN BROS COFFEE,1854 MADISON AVE,MANKATO,MN,56001-6886,USA,,,,,,,,,
1002069,BANKRUPTCY 11 WIEN B,3035 W OLYMPIC BLVD,LOS ANGELES,CA,90006-2522,USA,,,,,,,,,
1002071,COLLECTIONS SUGARLAN,14009C FM 1464 RD,SUGAR LAND,TX,77498-9601,USA,,,,,,,,,
1002072,KIM LONG ASIAN MARKE,511 CHERRY ST,KANSAS CITY,MO,64106-1217,USA,,,,,,,,,
1002073,COLLECTIONS GRANDMA',31735 RIVERSIDE DR,LAKE ELSINORE,CA,92530-7816,USA,,,,,,,,,
1002074,MX DONUTS,18720 STATE HIGHWAY 249,HOUSTON,TX,77070-4276,USA,,,,,,,,,
1002075,ASHLEY'S DONUTS - LE,828 W MAIN ST,LEAGUE CITY,TX,77573-2026,USA,,,,,,,,,
1002076,TOMS DONUTS - LAGRAN,255 BROADMORE CIR,ANGOLA,IN,46703-2378,USA,,,,,,,,,
1002077,COLLECTIONS SUGAR BA,2211 SAM RAYBURN HWY,MELISSA,TX,75454-2685,USA,,,,,,,,,
1002078,STAR & CUBAN BAKERY,5030 POPLAR LEVEL RD,LOUISVILLE,KY,40219-1124,USA,,,,,,,,,
1002079,CANDE'S BAKERY,1424 N SUGAR RD,EDINBURG,TX,78541-7958,USA,,,,,,,,,
1002081,ANGELS CAKE & CONFEC,2545 VALLEYDALE RD,HOOVER,AL,35244-2083,USA,,,,,,,,,
1002083,HONEY FLUFF DONUTS,6566A JOLIET RD,COUNTRYSIDE,IL,60525-4649,USA,,,,,,,,,
1002084,SUGAR BUTTER FLOUR,669 S BERNARDO AVE,SUNNYVALE,CA,94087-1020,USA,,,,,,,,,
1002085,JUNE'S TASTY TREATS,601 1/2 N MAIN ST,ALTUS,OK,73521-3111,USA,,,,,,,,,
1002086,REYES CAKES,6687 DOWNEY AVE,LONG BEACH,CA,90805-2822,USA,,,,,,,,,
1002089,DANDY DONUTS,3100 KEMP BLVD,WICHITA FALLS,TX,76308-1855,USA,,,,,,,,,
1002091,DAWN DONUTS,2703 SUNFISH DR,PEARLAND,TX,77584-3045,USA,,,,,,,,,
1002093,LA PILAR BAKERY,11821 ALONDRA BLVD,NORWALK,CA,90650-7106,USA,,,,,,,,,
1002094,GUDE'S BAKERY & DELI,307 W POLK ST,BURNET,TX,78611-2435,USA,,,,,,,,,
1002095,TASTY BAKERY INC,416 RARITAN AVE,HIGHLAND PARK,NJ,08904-2740,USA,,,,,,,,,
1002096,SPUDNUT BAKE SHOP,2321 OVERLOOK DR,KANSAS,OK,74347-7600,USA,,,,,,,,,
1002097,PANADERIA SAN MIGUEL,367 W ILLINOIS AVE,AURORA,IL,60506-3039,USA,,,,,,,,,
1002099,LA MEXICANA,738 PILOT BUTTE AVE,ROCK SPRINGS,WY,82901-5346,USA,,,,,,,,,
1002103,MRS FIELDS COOKIES 5,72840 HIGHWAY 111,PALM DESERT,CA,92260-3337,USA,,,,,,,,,
1002105,COLLECTIONS RICO PAN,3717 MISSION ST,SAN FRANCISCO,CA,94110-5829,USA,,,,,,,,,
1002107,BRUBAKERS BAKERY & C,446 N HIGLEY RD,MESA,AZ,85205-7307,USA,,,,,,,,,
1002108,RC DONUTS,700 W SPRING CREEK PKWY,PLANO,TX,75023-4623,USA,,,,,,,,,
1002109,CASA POTIN,3984 PALM AVE,HIALEAH,FL,33012-4422,USA,,,,,,,,,
1002112,PACOLO'S CHURROS,13619 NORTHPOINTE RIDGE LN,CYPRESS,TX,77429-4468,USA,,,,,,,,,
1002113,DONUT LAND,1246 N NORTHWEST LOOP 323,TYLER,TX,75702-3619,USA,,,,,,,,,
1002114,LOUANNA'S BAKE SHOP,1429 GRATIOT AVE,DETROIT,MI,48207-2745,USA,,,,,,,,,
1002116,POPULAR DONUT,106 HALL RD,SEAGOVILLE,TX,75159-2916,USA,,,,,,,,,
1002119,TODAY'S TEMPTATIONS,1900 N AUSTIN AVE,CHICAGO,IL,60639-5078,USA,,,,,,,,,
1002120,MRS CAMP'S BAKERY,4005 34TH ST,LUBBOCK,TX,79410-2637,USA,,,,,,,,,
1002121,MR DONUT & KOLACHE,21020 HIGHLAND KNOLLS DR,KATY,TX,77450-1561,USA,,,,,,,,,
1002124,MEDFORD BAKERY,350 OSCAR BANKS WAY,WAYNESVILLE,NC,28786-6393,USA,,,,,,,,,
1002125,PARADISE DONUT,326 S 32ND ST,MUSKOGEE,OK,74401-5005,USA,,,,,,,,,
1002126,BAGEL WORKS LLC,520 WYATT DR,STEAMBOAT SPRINGS,CO,80487-3089,USA,,,,,,,,,
1002127,COLLECTIONS FANCY DO,1067 C ST,GALT,CA,95632-1759,USA,,,,,,,,,
1002128,COLLECTIONS MRS CALL,468 N MAIN ST,HEBER CITY,UT,84032-1440,USA,,,,,,,,,
